-- phpMyAdmin SQL Dump
-- version 5.2.1
-- https://www.phpmyadmin.net/
--
-- Host: 127.0.0.1
-- Waktu pembuatan: 20 Jan 2026 pada 04.05
-- Versi server: 10.4.32-MariaDB
-- Versi PHP: 8.2.12

SET SQL_MODE = "NO_AUTO_VALUE_ON_ZERO";
START TRANSACTION;
SET time_zone = "+00:00";


/*!40101 SET @OLD_CHARACTER_SET_CLIENT=@@CHARACTER_SET_CLIENT */;
/*!40101 SET @OLD_CHARACTER_SET_RESULTS=@@CHARACTER_SET_RESULTS */;
/*!40101 SET @OLD_COLLATION_CONNECTION=@@COLLATION_CONNECTION */;
/*!40101 SET NAMES utf8mb4 */;

--
-- Database: `genexmart`
--

-- --------------------------------------------------------

--
-- Struktur dari tabel `cashiers`
--

CREATE TABLE `cashiers` (
  `USER_ID` char(8) NOT NULL,
  `USERNAME` varchar(45) NOT NULL,
  `ADDRESS` varchar(100) NOT NULL,
  `PLACE_OF_BIRTH` varchar(25) NOT NULL,
  `DATE_OF_BIRTH` date NOT NULL,
  `CONTACT_NUMBER` varchar(14) NOT NULL,
  `EMAIL` varchar(40) NOT NULL,
  `GENDER_ID` char(1) NOT NULL,
  `CREATED_AT` date NOT NULL,
  `UPDATED_AT` date NOT NULL,
  `PASSWORD` varchar(255) DEFAULT NULL,
  `ROLE` enum('admin','cashier') DEFAULT 'cashier'
) ENGINE=InnoDB DEFAULT CHARSET=utf8mb4 COLLATE=utf8mb4_general_ci;

--
-- Dumping data untuk tabel `cashiers`
--

INSERT INTO `cashiers` (`USER_ID`, `USERNAME`, `ADDRESS`, `PLACE_OF_BIRTH`, `DATE_OF_BIRTH`, `CONTACT_NUMBER`, `EMAIL`, `GENDER_ID`, `CREATED_AT`, `UPDATED_AT`, `PASSWORD`, `ROLE`) VALUES
('12345678', 'papa', 'Jl. Kaligangsa Asri Timur VII No. 33 RT 3 RW 7 Kaligangsa Margadana Tegal 52147', 'Tegal', '1983-08-02', '085742288110', 'n3k4ther.otr@gmail.com', 'L', '2025-11-16', '2025-11-16', 'Indonesia', 'cashier'),
('24090038', 'kasir_3a', 'Jalan Hanoman, Slerok, Kota Tegal, Jawa Tengah', 'Tegal', '2004-11-18', '089605997177', 'syafitraarda@gmail.com', 'L', '2025-11-16', '2025-11-16', '$2b$10$oL/Yy/wW7Dx2plx/rs8iQ.0uc5e9ux107593Vzeju4L8ygWacRTCK', 'cashier'),
('24090056', 'kasir_3b', 'Gang Seroja 9 , Desa Ujungrusi RT6/1 , Kec Adiwerna Kabupaten Tegal', 'Tegal', '2006-03-29', '082328275457', 'hammamghazi54@gmail.com', 'L', '2025-11-16', '2025-11-16', 'Indonesia', 'cashier'),
('24090131', 'kasir_3d', 'Kajen - Talang - Kab.Tegal', 'Tegal', '2006-04-22', '081542235634', 'muhammad.irhas108@gmail.com', 'L', '2025-11-16', '2025-11-16', 'Indonesia', 'cashier'),
('24090138', 'kasir_3c', 'Jl. Mliwis Gg. Walet No.9', 'Tegal', '2003-08-05', '085962891782', 'dawgsyogs@gmail.com', 'L', '2025-11-16', '2025-11-16', 'Indonesia', 'cashier'),
('ADM001', 'admin', 'Toko Pusat', 'Jakarta', '2000-01-01', '08123456789', 'admin@toko.com', 'L', '2026-01-18', '0000-00-00', '$2a$10$N9qo8uLOickgx2ZMRZoMyeIjZAgcfl7p92ldGxad68LJZdL17lhWy', 'admin');

-- --------------------------------------------------------

--
-- Struktur dari tabel `customers`
--

CREATE TABLE `customers` (
  `CUST_ID` char(8) NOT NULL,
  `CUST_NAME` varchar(45) NOT NULL,
  `ADDRESS` varchar(100) NOT NULL,
  `PLACE_OF_BIRTH` varchar(25) NOT NULL,
  `DATE_OF_BIRTH` date NOT NULL,
  `CONTACT_NUMBER` varchar(14) NOT NULL,
  `EMAIL` varchar(40) NOT NULL,
  `PASSWORD` varchar(255) DEFAULT NULL,
  `GENDER_ID` char(1) NOT NULL,
  `CREATED_AT` date DEFAULT NULL,
  `CREATED_BY` varchar(35) DEFAULT NULL,
  `UPDATED_AT` date DEFAULT NULL,
  `UPDATED_BY` varchar(35) DEFAULT NULL
) ENGINE=InnoDB DEFAULT CHARSET=utf8mb4 COLLATE=utf8mb4_general_ci;

--
-- Dumping data untuk tabel `customers`
--

INSERT INTO `customers` (`CUST_ID`, `CUST_NAME`, `ADDRESS`, `PLACE_OF_BIRTH`, `DATE_OF_BIRTH`, `CONTACT_NUMBER`, `EMAIL`, `PASSWORD`, `GENDER_ID`, `CREATED_AT`, `CREATED_BY`, `UPDATED_AT`, `UPDATED_BY`) VALUES
('-NoName-', '-Nama Tidak Terdaftar-', '-NoName-', '-NoName-', '1945-08-17', '-NoName-', 'papa', NULL, 'L', '2025-11-16', 'papa', '2025-11-16', 'TAMU'),
('12345678', 'Taufiq Abidin', 'J. Kaligangsa Asri Timur VIII No 33 RT 3 RW 7 Kel. Kaligangsa Kec. Margadana Kota Tegal 52147', 'Tegal', '1983-08-03', '085742288110', 'taufiq.abidin@poltektegal.ac.id', NULL, 'L', '2025-11-16', 'taufiq.abidin@poltektegal.ac.id', '2025-11-16', 'TAMU'),
('23090100', 'SUFI AHMAD TIARA FIGAR', 'DESA SIGAMBIR KEC BREBES KAB BREBES RTO1 RW01', 'BREBES', '2205-05-11', '091990343964', 'SUFIAKHMAD3964@GMAIL.COM', NULL, 'L', '2025-11-16', '', '2025-11-16', ''),
('23090128', 'Toriq Azizurrochman', 'jln kh abdurrohman, rt 11/rw 06, desa sidoharjo, kecamatan suradadi, kabupaten tegal, 52182', 'Tegal', '2004-11-10', '089504094094', 'toriqsmpll31@gmail.com', NULL, 'L', '2025-11-16', 'toriqsmpll31@gmail.com', '2025-11-16', 'TAMU'),
('24090001', 'Zahra Meidinah Tahsya', 'Jln.sunan kudus, kaligangsa kulon, brebes', 'Brebes', '2006-05-24', '089673169299', 'zahrameidinah05@gmail.com', NULL, 'P', '2025-11-16', 'zahrameidinah05@gmail.com', '2025-11-16', 'TAMU'),
('24090002', 'Mohammad Fatih Mubarok', 'JL. Samratulangi Pasar Batang Brebes no 50', 'Brebes', '2006-08-31', '088227682867', 'mubarokfatih562@gmail.com', NULL, 'L', '2025-11-16', 'mubarokfatih562@gmail.com', '2025-11-16', 'TAMU'),
('24090003', 'ANDRA SETYA RAMADHANI', 'Jl.kapten sudibyo no 137B', 'Tegal', '2005-10-16', '088220007296', 'andrasetya856@gmail.com', NULL, 'L', '2025-11-16', 'andrasetya856@gmail.com', '2025-11-16', 'TAMU'),
('24090004', 'Adi Salam Ramdani', 'Jl Raya Tembok Lor, Desa Tembok Lor RT 03/RW 13, Kec. Adiwerna, Kab. Tegal', 'Tegal', '2005-10-05', '089666861497', 'adisalamramdani05@gmail.com', NULL, 'L', '2025-11-16', 'adisalamramdani05@gmail.com', '2025-11-16', 'TAMU'),
('24090006', 'Akhmad Ridwan Ariyanto', 'Perum Kaladawa', 'Pemalang', '2025-06-25', '085802874829', 'akhmadridwan357@gmail.com', NULL, 'L', '2025-11-16', 'akhmadridwan357@gmail.com', '2025-11-16', 'TAMU'),
('24090008', 'Andira Finna Nareswari', 'Jl Dr Wahidin, Saditan Brebes', 'Brebes', '2005-12-15', '08816776347', 'andirafinnanareswari@gmail.com', NULL, 'P', '2025-11-16', 'andirafinnanareswari@gmail.com', '2025-11-16', 'TAMU'),
('24090009', 'EKA DZAKWAN VENARINDRA', 'Jl. Teuku Cik Ditiro', 'Brebes', '2005-09-10', '081215262823', 'ekadzakwan59@gmail.com', NULL, 'L', '2025-11-16', 'ekadzakwan59@gmail.com', '2025-11-16', 'TAMU'),
('24090010', 'inays imaratu eliza', 'Korea', 'Seoul', '2005-08-02', '085143219133', 'inaysssimaratu@gmail.com', NULL, 'P', '2025-11-16', 'inaysssimaratu@gmail.com', '2025-11-16', 'TAMU'),
('24090011', 'Noval Oktamuza', 'Jl. Semanggi Raya No. 120, Mejasem Barat, Kramat, Kab.Tegal', 'Tegal', '1999-10-14', '082124928879', 'oktamuzanoval@gmail.com', NULL, 'L', '2025-11-16', 'oktamuzanoval@gmail.com', '2025-11-16', 'oktamuzanoval@gmail.com'),
('24090012', 'Raditya Wildan Assyaif', 'Kecamatan Adiwerna, Kabupaten Tegal', 'Tegal', '2006-08-08', '085225384588', 'radityawildan33@gmail.com', NULL, 'L', '2025-11-16', 'radityawildan33@gmail.com', '2025-11-16', 'TAMU'),
('24090013', 'MUHAMAD FATHUL HUDA', 'JL.WERKUDORO NO 41', 'TEGAL', '2006-05-23', '089619118295', 'muhfathulhuda24090013@gmail.com', NULL, 'L', '2025-11-16', 'muhfathulhuda24090013@gmail.com', '2025-11-16', 'TAMU'),
('24090014', 'Vina Maulidah', 'Jl.Kuncung RT04 RW06 Wanatawang Yamansari Kec. Lebaksiu Kab. Tegal', 'Tegal', '2006-03-27', '085866233452', 'vinamaulidah27@gmail.com', NULL, 'P', '2025-11-16', 'vinamaulidah27@gmail.com', '2025-11-16', 'TAMU'),
('24090015', 'Naelanisa Aprilia Khumaedi', 'Tegal', 'Tegal', '2006-04-26', '087835288533', 'naelanisa45@gmail.com', NULL, 'P', '2025-11-16', 'naelanisa45@gmail.com', '2025-11-16', 'TAMU'),
('24090016', 'Dimas Sahputra', 'Ds. Bongkok Kec. Kramat Kab. Tegal', 'Tegal', '2006-08-26', '087834370388', 'sahputradimas268@gmail.com', NULL, 'L', '2025-11-16', 'sahputradimas268@gmail.com', '2025-11-16', 'TAMU'),
('24090017', 'Nayla zalfa zahiyah', 'Jl. Anggrek Ds. Banjaranyar', 'TEGAL', '2005-12-23', '085292802447', 'naylazalfa03@gmail.com', NULL, 'P', '2025-11-16', 'naylazalfa03@gmail.com', '2025-11-16', 'TAMU'),
('24090018', 'Nissa Intan Nurani', 'Tegal', 'Tegal', '2005-05-21', '083820931296', 'intanissaa21@gmail.com', NULL, 'P', '2025-11-16', 'intanissaa21@gmail.com', '2025-11-16', 'TAMU'),
('24090020', 'm faizal faiz', 'kalkul, margadana, rt04rw05', 'tegal', '2010-10-07', '085870004152', 'faizalfaiz645@gmail.com', NULL, 'L', '2025-11-16', 'faizalfaiz645@gmail.com', '2025-11-16', 'TAMU'),
('24090022', 'Muchammad Machyanut Tuko', 'Jl.Mejabung', 'Tegal', '2010-04-06', '085641066079', 'muchammadmachyanuttuko@gmail.com', NULL, 'L', '2025-11-16', 'muchammadmachyanuttuko@gmail.com', '2025-11-16', 'TAMU'),
('24090023', 'Tanwirul Khasanah', 'Jl. Kedung SIlami RT 23 RW 06 Kel. Pagiyanten Kec. Adiwerna Kab. Tegal 52194', 'Tegal', '2004-09-11', '0895385900007', 'tanwirulkhasanah@gmail.com', NULL, 'P', '2025-11-16', 'tanwirulkhasanah@gmail.com', '2025-11-16', 'TAMU'),
('24090024', 'Indah Fitriyani', 'Jl. Jawa', 'Tegal', '2025-10-29', '089604072496', 'indhftryni23@gmail.com', NULL, 'P', '2025-11-16', 'indhftryni23@gmail.com', '2025-11-16', 'TAMU'),
('24090025', 'Riski Ramadhan', 'Jl.Kleben Desa Gembong Kulon Rt01/Rw01', 'Tegal', '2005-10-30', '0895379178780', 'rizkiramadhanrizki36484@gmail.com', NULL, 'L', '2025-11-16', 'rizkiramadhanrizki36484@gmail.com', '2025-11-16', 'TAMU'),
('24090026', 'Devita Anggraeni', 'Desa Purwahamba, Kecamatan Suradadi, Kabupaten Tegal', 'Tegal', '2006-06-23', '085225302710', 'devitanggra23@gmail.com', NULL, 'P', '2025-11-16', 'devitanggra23@gmail.com', '2025-11-16', 'TAMU'),
('24090027', 'Pranada Al Fath Refandra', 'Jln Karimunjawa', 'Kota Tegal', '2006-07-12', '085225756709', 'pranadaalfath@gmail.com', NULL, 'L', '2025-11-16', 'pranadaalfath@gmail.com', '2025-11-16', 'TAMU'),
('24090028', 'Dwi Riski Ariyanto', 'pekauman kulon rt3/3', 'tegal', '2010-09-23', '0895606401740', 'dwiriski2209@gmail.com', NULL, 'L', '2025-11-16', 'dwiriski2209@gmail.com', '2025-11-16', 'TAMU'),
('24090029', 'Lazuardi Augian Pratama', 'Griya Satria Dampyak Blok I No.19, Dampyak Lor, Dampyak, Tegal', 'Pekalongan', '2005-08-09', '087740297720', 'notzuardboah@gmail.com', NULL, 'L', '2025-11-16', 'notzuardboah@gmail.com', '2025-11-16', 'TAMU'),
('24090030', 'Hanif Azhar', 'Brebes, Desa Pesantunan, Jl. Teuku Cik Ditiro', 'Brebes', '2005-06-01', '087711865157', 'hanifazharre@gmail.com', NULL, 'L', '2025-11-16', 'hanifazharre@gmail.com', '2025-11-16', 'TAMU'),
('24090032', 'Nagata Darmawan', 'Jln.Gatotkaca Rt10/04,Gumayun,Dukuhwaru Kab.Teagl', 'Tegal', '2004-11-09', '0895384246249', 'nagata.2140@gmail.com', NULL, 'L', '2025-11-16', 'nagata.2140@gmail.com', '2025-11-16', 'TAMU'),
('24090033', 'Rafi Faiz Amalta', 'Slawi kulon Kecamatan Slawi Kabupaten Tegal', 'Tegal', '2006-03-21', '0895378169023', 'rafifaiz381@gmail.com', NULL, 'L', '2025-11-16', 'rafifaiz381@gmail.com', '2025-11-16', 'TAMU'),
('24090034', 'Angga dwi resky maulana', 'babakan', 'tegal', '2010-11-11', '089619636307', 'dwi789682@gmail.com', NULL, 'L', '2025-11-16', 'dwi789682@gmail.com', '2025-11-16', 'dwi789682@gmail.com'),
('24090035', 'Fatimatuz Zahro', 'Desa Pengabean, Kec. Dukuhturi, Kab. Tegal', 'Tegal', '2005-08-29', '085712362447', 'f56446473@gmail.com', NULL, 'P', '2025-11-16', 'f56446473@gmail.com', '2025-11-16', 'TAMU'),
('24090037', 'Ain Jelita Ikhwati', 'Jalan Slamet Riyadi, Gang Nangka, Cabawan, Margadana, Kota Tegal, Jawa Tengah, 52147', 'Bogor', '2006-03-02', '087872274726', 'ainjelitaikh@gmail.com', NULL, 'P', '2025-11-16', 'ainjelitaikh@gmail.com', '2025-11-16', 'TAMU'),
('24090038', 'Muhammad Arda Syafitra', 'Jalan Hanoman, Slerok, Kota Tegal, Jawa Tengah', 'Tegal', '2004-11-18', '089605997177', 'syafitraarda@gmail.com', NULL, 'L', '2025-11-16', 'syafitraarda@gmail.com', '2025-11-16', 'TAMU'),
('24090039', 'Intan Tri Hartati', 'Jl H Abdul Ghoni, RT/RW 004/003, Kel. Pesurungan Kidul', 'Tegal', '2007-01-27', '082211199390', 'intantri2006@gmail.com', NULL, 'P', '2025-11-16', 'intantri2006@gmail.com', '2025-11-16', 'TAMU'),
('24090040', 'Mukhamad Adam Mulabib', 'kec.Talang, kab.Tegal', 'Tegal', '2006-02-08', '081325321609', 'adammulabib03@gmail.com', NULL, 'L', '2025-11-16', 'adammulabib03@gmail.com', '2025-11-16', 'TAMU'),
('24090042', 'Bagus satrio mahardika', 'kecamatan Taman Kabupaten Pemalang Provinsi Jawa Tengah', 'Pemalang', '2005-08-14', '085640244383', 'bagussatriomahardika78@gmail.com', NULL, 'L', '2025-11-16', 'bagussatriomahardika78@gmail.com', '2025-11-16', 'TAMU'),
('24090043', 'Salsabilla Ayu Rizkia', 'Jalan masjid, Belakang toko nani,Tarub,Kab.Tegal,Jawa Tengah', 'TEGAL', '2007-01-14', '082123796275', 'salsabillaayu147@gmail.com', NULL, 'P', '2025-11-16', 'salsabillaayu147@gmail.com', '2025-11-16', 'TAMU'),
('24090045', 'Muhamad Ilyas', 'Desa Gumalar RT 05 RW 01 Kec.Adiwerna Kab.Tegal', 'Tegal', '2006-04-28', '089524358844', 'ilyasgumalar@gmail.com', NULL, 'L', '2025-11-16', 'ilyasgumalar@gmail.com', '2025-11-16', 'TAMU'),
('24090050', 'Muhamad Safrudin', 'Jalan Sangir No.2', 'Tegal', '2005-02-14', '082313089094', 'mhmdsfrdn1521@gmail.com', NULL, 'L', '2025-11-16', 'mhmdsfrdn1521@gmail.com', '2025-11-16', 'TAMU'),
('24090052', 'Maula adiba mufadol', 'jl kyai maja No 03', 'tegal', '2006-05-11', '089638829911', 'adibamufadhol@gmail.com', NULL, 'L', '2025-11-16', 'adibamufadhol@gmail.com', '2025-11-16', 'TAMU'),
('24090055', 'Giska Aura Muhamad Prasetyo', 'JL ABDUL SYUKUR PERUMAHAN JAYA KUSUMA BLOK F NO 6', 'Tegal', '2006-01-15', '087822630621', 'ruokrawl@gmail.com', NULL, 'L', '2025-11-16', 'ruokrawl@gmail.com', '2025-11-16', 'TAMU'),
('24090056', 'Muhammad Hammam Ghazi', 'Gang Seroja 9 , Desa Ujungrusi RT6/1 , Kec Adiwerna Kabupaten Tegal', 'Tegal', '2006-03-29', '082328275457', 'hammamghazi54@gmail.com', NULL, 'L', '2025-11-16', 'hammamghazi54@gmail.com', '2025-11-16', 'TAMU'),
('24090057', 'Pasya Pratama Widianto', 'Jl. Lele', 'Tegal', '2010-10-21', '082226362081', 'pasyapratama209@gmail.com', NULL, 'L', '2025-11-16', 'pasyapratama209@gmail.com', '2025-11-16', 'TAMU'),
('24090058', 'Nur Ivan Endrarafif', 'Desa Pegirikan', 'Tegal', '2005-12-01', '085712245528', 'nurivan2005@gmail.com', NULL, 'L', '2025-11-16', 'nurivan2005@gmail.com', '2025-11-16', 'TAMU'),
('24090060', 'AKBAR RIZQI AINUL YAQIN', 'Jl.Dewi Sartika', 'Brebes', '2006-03-06', '082313054691', 'akbar.rizqi.ay@gmail.com', NULL, 'L', '2025-11-16', 'akbar.rizqi.ay@gmail.com', '2025-11-16', 'TAMU'),
('24090061', 'Muhammad Azfa Rizanta', 'Jl. Pala barat 1 blok B No. 12 RT02 RW09 Kel. Mejasem Barat Kec. kramat Kab.Tegal', 'Tegal', '2010-01-25', '087865168055', 'muhammadazfa119@gmail.com', NULL, 'L', '2025-11-16', 'muhammadazfa119@gmail.com', '2025-11-16', 'TAMU'),
('24090062', 'BINAR MAULLAZAQI', 'JL.Sultan Agung no.88A', 'Brebes', '2006-04-29', '085280945349', 'binarzzzzz@gmail.com', NULL, 'L', '2025-11-16', 'binarzzzzz@gmail.com', '2025-11-16', 'TAMU'),
('24090063', 'Yafi\' Abhinaya', 'Perumahan Griya Santika Blok H.10', 'Tegal', '2005-12-06', '082132932733', 'yafiabny110@gmail.com', NULL, 'L', '2025-11-16', 'yafiabny110@gmail.com', '2025-11-16', 'TAMU'),
('24090064', 'Muhammad Zaim El Yafi', 'Jl. Ma\'ad 57-33, Balapulang Wetan, Kec. Balapulang, Kabupaten Tegal, Jawa Tengah 52464', 'Tegal', '2007-02-24', '081546161160', 'zaimelyafi24@gmail.com', NULL, 'L', '2025-11-16', 'zaimelyafi24@gmail.com', '2025-11-16', 'TAMU'),
('24090065', 'Desta Putra Habibie', 'Desa tonggara kecamatan kedungbanteng kabupaten tegal', 'Bekasi', '2005-12-10', '082220987443', 'destahabibi244@gmail.com', NULL, 'L', '2025-11-16', 'destahabibi244@gmail.com', '2025-11-16', 'TAMU'),
('24090066', 'Gusti Rizqi Putra Hanif', 'Brebes,Bulakamba,Jalan Kauman Kluwut', 'Brebes', '2006-09-28', '082326261094', 'zekeygemers@gmail.com', NULL, 'L', '2025-11-16', 'zekeygemers@gmail.com', '2025-11-16', 'TAMU'),
('24090067', 'YUSUF', 'Durensawit rt 01 rw 03 kec.lebaksiu', 'Tegal', '2005-12-28', '0895321639531', 'yusuf281225@gmail.com', NULL, 'L', '2025-11-16', 'yusuf281225@gmail.com', '2025-11-16', 'TAMU'),
('24090068', 'Bagus Prasetyo', 'Jl.Cemara No 48 Griya Praja Pasar Batang Brebes', 'Brebes', '2005-06-10', '085225905320', '10bagusprasetyo@gmail.com', NULL, 'L', '2025-11-16', '10bagusprasetyo@gmail.com', '2025-11-16', 'TAMU'),
('24090069', 'Mohamad Naufal Arizal', 'Perum MUTIARA SALBI JL Klampis Barat Blok A 21, Karang Sembung Lor, Karangsembung, Kec. Songgom, Kab', 'Bekasi', '2006-10-18', '089697408401', 'naufalarizal257@gmail.com', NULL, 'L', '2025-11-16', 'naufalarizal257@gmail.com', '2025-11-16', 'TAMU'),
('24090070', 'Ramdani Ardhin Pasha', 'Perumahan Mutiara Vantavin 1, Desa Pacul, Kec.Talang, Kab.Tegal', 'Tegal', '2006-10-11', '087719028463', 'ardhinpasha@gmail.com', NULL, 'L', '2025-11-16', 'ardhinpasha@gmail.com', '2025-11-16', 'TAMU'),
('24090071', 'Adies Ardiansyah', 'Desa KUTA RT03/RW04 KEC.BANTARBOLANG KAB. PEMALANG', 'SURABAYA', '2006-05-29', '081217627226', 'adiesadiansah6@gmail.com', NULL, 'L', '2025-11-16', 'adiesadiansah6@gmail.com', '2025-11-16', 'TAMU'),
('24090072', 'Alief Satrio', 'Kab. Pemalang, Kec. Moga, Desa Moga Jalan Cempaka Rt001/Rw006', 'Pemalang', '2005-06-28', '085712015809', 'alifsatrio757@gmail.com', NULL, 'L', '2025-11-16', 'alifsatrio757@gmail.com', '2025-11-16', 'TAMU'),
('24090073', 'Naiya Resda Novalia', 'Desa Dukuhjati Wetan RT09/RW05, Kec.Kedungbanteng, Kab.Tegal', 'Tegal', '2005-11-26', '085802764729', 'naiyaresda@gmail.com', NULL, 'P', '2025-11-16', 'naiyaresda@gmail.com', '2025-11-16', 'TAMU'),
('24090074', 'Faizal Isman', 'Jl Abimanyu Gg 5 Slerok, Tegal Timur, Kota Tegal', 'Tegal', '2006-02-08', '082324913246', 'isman.faizal2006@gmail.com', NULL, 'L', '2025-11-16', 'isman.faizal2006@gmail.com', '2025-11-16', 'TAMU'),
('24090075', 'Ferdi Saputra', 'Desa Bulakwaru RT 07/RW 03', 'TEGAL', '2005-12-20', '085328901825', 'sptraferdi413@gmail.com', NULL, 'L', '2025-11-16', 'sptraferdi413@gmail.com', '2025-11-16', 'TAMU'),
('24090076', 'Ezra Tito Saleh', 'jln.mawar Ds.Mindaka rt06/01, Kec.Tarub, Kab. Tegal', 'Jakarta', '2006-02-08', '085640405943', 'ezratitosaleh8@gmail.com', NULL, 'L', '2025-11-16', 'ezratitosaleh8@gmail.com', '2025-11-16', 'TAMU'),
('24090077', 'Arya Ahmad Zakaria', 'harjosarilor,adiwerna', 'kuningan', '2005-04-04', '0805320990090', 'aryazakaria445@gmail.com', NULL, 'L', '2025-11-16', 'aryazakaria445@gmail.com', '2025-11-16', 'TAMU'),
('24090078', 'Daffa Amri Hizbullah', 'Jl.candi moncol rt02/02. Kec.dukuhturi kab.tegal', 'Tegal', '2005-09-03', '085326654926', 'chuloappa@gmail.com', NULL, 'L', '2025-11-16', 'chuloappa@gmail.com', '2025-11-16', 'TAMU'),
('24090081', 'Galuh Gunawan', 'Desa Pucangluwuk RT 04 RW 01 Kec.Bojong Kab.Tegal', 'Tegal', '2006-05-18', '088232405191', 'galuhgunawan914@gmail.com', NULL, 'L', '2025-11-16', 'galuhgunawan914@gmail.com', '2025-11-16', 'TAMU'),
('24090082', 'Najwa Giar Eka Azzahra', 'Pgerbarang Rt 01 Rw 02', 'TEGAL', '2005-07-07', '081917215136', 'najwagiar@gmail.com', NULL, 'P', '2025-11-16', 'najwagiar@gmail.com', '2025-11-16', 'TAMU'),
('24090083', 'Syifa Khaerunisa Nabila', 'Jl.Jendral Sudirman Rt 02 Rw 06 Slawi Kulon', 'Tegal', '2006-10-11', '087761047814', 'syifanabila183@gmail.com', NULL, 'P', '2025-11-16', 'syifanabila183@gmail.com', '2025-11-16', 'TAMU'),
('24090084', 'Imam Arif Fauzan', 'Desa Maribaya, Kecamatan Kramat Kabupaten Tegal', 'Tegal', '2007-01-26', '089652848630', 'fauzanimam955@gmail.com', NULL, 'L', '2025-11-16', 'fauzanimam955@gmail.com', '2025-11-16', 'TAMU'),
('24090085', 'mahmudah amalia putri', 'JL.TEUKU CIKDITIRO, PESANTUNAN RT 04/02-KAB .BREBES', 'Brebes', '2005-12-25', '085894091994', 'idahmahmudah504@gmail.com', NULL, 'P', '2025-11-16', 'idahmahmudah504@gmail.com', '2025-11-16', 'TAMU'),
('24090086', 'Khurrotul Aeny', 'Desa Mangunsaren Kec.Tarub Kab.Tegal', 'Tegal', '2005-12-30', '085702245923', 'qurrotulaeni281@gmail.com', NULL, 'P', '2025-11-16', 'qurrotulaeni281@gmail.com', '2025-11-16', 'TAMU'),
('24090087', 'Yusuf Maulana Syifa', 'Jl Ababil Rt 07 Rw 01 Randugunting, Tegal Selatan Kota Tegal', 'Brebes', '2004-10-25', '085710872795', 'yusufmaulanasyifa25@gmail.com', NULL, 'L', '2025-11-16', 'yusufmaulanasyifa25@gmail.com', '2025-11-16', 'TAMU'),
('24090088', 'Fitria Ramadhani', 'Ds.Kebonagung rt.09/rw.02, kec. Jatibarang , kab. Brebes, Prov. Jawa Tengah, Indonesia', 'Wosu', '2005-11-01', '0882006057034', 'dindafitria283@gmail.com', NULL, 'P', '2025-11-16', 'dindafitria283@gmail.com', '2025-11-16', 'TAMU'),
('24090092', 'Almas Jaufilael Syarofina', 'Jl.Raya Timur Pagerbarang Kec. Pagerbarang, Kab.Tegal', 'Tegal', '2005-10-25', '082137289076', 'almassyarfina@gmail.com', NULL, 'P', '2025-11-16', 'almassyarfina@gmail.com', '2025-11-16', 'TAMU'),
('24090093', 'Fajar Abdul Aziz', 'Dinuk, RT 02/02, Kecamatan Kramat, Kabupaten Tegal', 'Tegal', '2006-08-07', '083899216097', 'fajarabdulaziz259@gmail.com', NULL, 'L', '2025-11-16', 'fajarabdulaziz259@gmail.com', '2025-11-16', 'TAMU'),
('24090094', 'Alif Avicena Alfitrah', 'Desa Tembokluwung, Kec. Adiwerna, Kab. Tegal', 'Tegal', '2007-07-29', '085290447862', 'alifilhamicena@gmail.com', NULL, 'L', '2025-11-16', 'alifilhamicena@gmail.com', '2025-11-16', 'TAMU'),
('24090095', 'Rafa Intinanzah Wibisono', 'Desa Bulakamba, Kec.Bulakamba, Kab.Brebes', 'Brebes', '2006-05-31', '085279233725', 'rafaintinanzah31@gmail.com', NULL, 'L', '2025-11-16', 'rafaintinanzah31@gmail.com', '2025-11-16', 'TAMU'),
('24090096', 'Muhammad Afin Aditya', 'Ds. Tembok Lor 09/02, Kec. Adiwerna, Kab. Tegal', 'Tegal', '2004-06-16', '62882007730579', 'akungameku1606@gmail.com', NULL, 'L', '2025-11-16', 'akungameku1606@gmail.com', '2025-11-16', 'TAMU'),
('24090097', 'Nur Laela Suci Safitri', 'Desa Demangharjo rt/rw 02/01 Kecamatan Warureja Kabupaten Tegal', 'Tegal', '2006-10-23', '0882008254161', 'nurlaelasucisafitri@gmail.com', NULL, 'P', '2025-11-16', 'nurlaelasucisafitri@gmail.com', '2025-11-16', 'TAMU'),
('24090098', 'Siti Triyanah', 'Tarub', 'Tegal', '2006-09-06', '08818658120', 'triyanah066@gmail.com', NULL, 'P', '2025-11-16', 'triyanah066@gmail.com', '2025-11-16', 'TAMU'),
('24090099', 'Rhegard Putra Davinto', 'Perumahan Griya Tiara Arum blok S12 rt2/rw5,kagok,slawi,Kab Tegal', 'Magetan', '2006-03-27', '085747598070', 'rhegaraa5x@gmail.com', NULL, 'L', '2025-11-16', 'rhegaraa5x@gmail.com', '2025-11-16', 'TAMU'),
('24090100', 'Vaena Miftakhur Risko', 'Suradadi', 'Tegal', '2006-09-02', '081233606302', 'vaenamiftakhurrisko@gmail.com', NULL, 'P', '2025-11-16', 'vaenamiftakhurrisko@gmail.com', '2025-11-16', 'TAMU'),
('24090101', 'Amirul Madjid Ibrahim', 'JL Temanggung. Gg Bawal 4 RT.02/RW.04 NO 74. Kelurahan Margadana', 'Purbalingga', '2005-10-06', '085725362878', 'mantapkaliboos@gmail.com', NULL, 'L', '2025-11-16', 'mantapkaliboos@gmail.com', '2025-11-16', 'TAMU'),
('24090102', 'Mustofa Achmad', 'Tegal Selatan,Debong kidul', 'Tegal', '2004-09-17', '081977723991', 'mustofaahmad200319@gmail.com', NULL, 'L', '2025-11-16', 'mustofaahmad200319@gmail.com', '2025-11-16', 'TAMU'),
('24090103', 'Happy Citra Lestari', 'Randugunting', 'Tegal', '2006-07-06', '085640254423', 'happycitralestari0@gmail.com', NULL, 'P', '2025-11-16', 'happycitralestari0@gmail.com', '2025-11-16', 'TAMU'),
('24090104', 'Muhammad Abdan Annur', 'Jl. Kenanga Selatan No. 24', 'Tegal', '2005-10-26', '085229110565', 'abdan.annur123@gmail.com', NULL, 'L', '2025-11-16', 'abdan.annur123@gmail.com', '2025-11-16', 'TAMU'),
('24090105', 'Yusuf Yudha Ramadhani', 'Jalan Werkudoro Gg.Kalimasada No.7 RT 04.RW.05 Kel Slerok Kec.Tegal Timur Kota Tegal', 'Tegal', '2012-10-10', '087711126798', 'siktinhero@gmail.com', NULL, 'L', '2025-11-16', 'siktinhero@gmail.com', '2025-11-16', 'TAMU'),
('24090106', 'Ade Anang Kurniawan', 'Ds.Getaskerep kec. Talang Kab. Tegal', 'Tegal', '2006-06-11', '08819725510', 'adeanangkurniawan@gmail.com', NULL, 'L', '2025-11-16', 'adeanangkurniawan@gmail.com', '2025-11-16', 'TAMU'),
('24090107', 'Irfan Maulana Saputra', 'Ds.Kemuning Dk.Bulu rt.03 rw.04', 'Serang', '2003-08-09', '081945354196', 'irfanmaulanasaputra19@gmail.com', NULL, 'L', '2025-11-16', 'irfanmaulanasaputra19@gmail.com', '2025-11-16', 'TAMU'),
('24090108', 'Muhammad Satria Prayoga', 'Desa Pedagangan Rt 01/01 Kecamatan Dukuhwaru', 'Tegal', '2006-05-05', '085943410458', 'strprayoga8@gmail.com', NULL, 'L', '2025-11-16', 'strprayoga8@gmail.com', '2025-11-16', 'TAMU'),
('24090109', 'Akhmad Faiq Mursyidi', 'jl. jalak janegara jatibarang brebes', 'Brebes', '2010-05-17', '082323816404', 'akhmadfaiqm@gmail.com', NULL, 'L', '2025-11-16', 'akhmadfaiqm@gmail.com', '2025-11-16', 'TAMU'),
('24090110', 'Muhammad Lutfi Syauqi Annafal', 'desa kalimati, kec adiwerna, kab.tegal', 'Tegal', '2006-06-28', '085879504442', 'nafallutfi123@gmail.com', NULL, 'L', '2025-11-16', 'nafallutfi123@gmail.com', '2025-11-16', 'TAMU'),
('24090111', 'Denta Adi Ramadhani', 'Jl. Teuku Cik Ditiro No. 3', 'brebes', '2003-11-04', '089658059970', 'fantasyjr6@gmail.com', NULL, 'L', '2025-11-16', 'fantasyjr6@gmail.com', '2025-11-16', 'TAMU'),
('24090112', 'dwiki raditya mubarok', 'Ujungrusi, Jln kemuning 2, no 15 Rt10/01, Adiwerna, Kab.Tegal, Jawa Tengah', 'Tegal', '2006-11-04', '0882-3867-5733', 'dwikiraditya207@gmail.com', NULL, 'L', '2025-11-16', 'dwikiraditya207@gmail.com', '2025-11-16', 'TAMU'),
('24090113', 'Dhiyaulhaq Fakhri Mohammad', 'RT 11 RW 03 Jalan bedug Desa Pegirikan Kecamatan Talang Kabupaten Tegal', 'Tegal', '2006-08-11', '085640724421', 'dhiyaulhaqfakhrimohammad@gmail.com', NULL, 'L', '2025-11-16', 'dhiyaulhaqfakhrimohammad@gmail.com', '2025-11-16', 'TAMU'),
('24090114', 'Farih Amrullah \'Aly', 'Jl. Anggrek 1 RT.04 RW 03 Kel.Karangasem Kec.Margasari Kab.Tegal', 'Tegal', '2006-12-27', '0895376070070', 'farihaly11@gmail.com', NULL, 'L', '2025-11-16', 'farihaly11@gmail.com', '2025-11-16', 'TAMU'),
('24090115', 'Moh Kahfi Kurniawan', 'Jl Srigunting No 15 A, RT 07, RW 08, Kelurahan Randugunting, Kecamatan Tegal Selatan', 'Tegal', '2006-03-25', '082226072504', 'kahfikurniawan06@gmail.com', NULL, 'L', '2025-11-16', 'kahfikurniawan06@gmail.com', '2025-11-16', 'TAMU'),
('24090116', 'Ayu Seftiani', 'Desa Lebeteng Kecamatan Tarub', 'Tegal', '2005-04-09', '081901094818', 'ayu32194@gmail.com', NULL, 'P', '2025-11-16', 'ayu32194@gmail.com', '2025-11-16', 'TAMU'),
('24090117', 'SYAMSUL HIDAYATULLOH', 'Sikancil, Slatri, Kec. Larangan, Kabupaten Brebes, Jawa Tengah', 'BREBES', '2005-05-23', '085786947364', 'samsulhidayah384@gmail.com', NULL, 'L', '2025-11-16', 'samsulhidayah384@gmail.com', '2025-11-16', 'TAMU'),
('24090118', 'Halim Wiko Abiyunna', 'Jalan gelatik Rt2 Rw2, Desa Pakulaut, Kec Margasari, Tegal, Jateng', 'Tegal', '2005-12-05', '085876401764', 'halimabiyuna@gmail.com', NULL, 'L', '2025-11-16', 'halimabiyuna@gmail.com', '2025-11-16', 'TAMU'),
('24090119', 'Veby Rokhmatul Ambiya', 'Jawa tengah,Tegal,Bumijawa', 'Tegal', '2004-02-09', '085643315371', 'vebyambiya@gmail.com', NULL, 'L', '2025-11-16', 'vebyambiya@gmail.com', '2025-11-16', 'TAMU'),
('24090120', 'Tesa dian saputri', 'desa penarukan rt 18rw04 kec adiwerna kab tegal', 'TEGAL', '2006-02-28', '0895704328732', 'tesadiansaputri@gmail.com', NULL, 'P', '2025-11-16', 'tesadiansaputri@gmail.com', '2025-11-16', 'TAMU'),
('24090122', 'Aurelio Deca Setyawan', 'Desa. Kesadikan, Kec. Tarub, Kab. Tegal', 'Tegal', '2004-05-19', '085801027103', 'aureliodeca1955@gmail.com', NULL, 'L', '2025-11-16', 'aureliodeca1955@gmail.com', '2025-11-16', 'TAMU'),
('24090123', 'bagus prasojo', 'Desa Pagongan kec dukuhturi kab.Tegal', 'Tegal', '2006-10-04', '087725345162', 'bagusprasojo666@gmail.com', NULL, 'L', '2025-11-16', 'bagusprasojo666@gmail.com', '2025-11-16', 'TAMU'),
('24090124', 'Febryan Valentyo', 'Brebes', 'Brebes', '2004-02-14', '082313585851', 'febryanvalentyo234@gmail.com', NULL, 'L', '2025-11-16', '', '2025-11-16', ''),
('24090126', 'Maulidya Aulia', 'Jl.Dukuhwungu', 'Tegal', '2006-04-06', '0895384224195', 'maulidyaaulia64@gmail.com', NULL, 'P', '2025-11-16', 'maulidyaaulia64@gmail.com', '2025-11-16', 'TAMU'),
('24090129', 'Sarah Nur Amalia', 'Adiwerna Kab.Tegal Jawa Tengah', 'Tegal', '2006-06-03', '082313530647', 'sarahnuramaliaa@gmail.com', NULL, 'P', '2025-11-16', 'sarahnuramaliaa@gmail.com', '2025-11-16', 'TAMU'),
('24090130', 'Lisza Indana Zulfa', 'Ds. Warureja Kec. Warureja Kab. Tegal', 'Tegal', '2005-10-31', '0895378146118', 'liszaindana11@gmail.com', NULL, 'P', '2025-11-16', 'n3k4ther.otr@gmail.com', '2025-11-16', 'TAMU'),
('24090131', 'Muhammad Irhash syahid', 'Kajen - Talang - Kab.Tegal', 'Tegal', '2006-04-22', '081542235634', 'muhammad.irhas108@gmail.com', NULL, 'L', '2025-11-16', 'muhammad.irhas108@gmail.com', '2025-11-16', 'TAMU'),
('24090132', 'Muzaqi Nur Arifin', 'Jl. Taman Siswa, Gg. Saditan Indah 4, No.10', 'Kabupaten Brebes', '2005-04-02', '087845770609', 'muzaqi.nurar4@gmail.com', NULL, 'L', '2025-11-16', 'muzaqi.nurar4@gmail.com', '2025-11-16', 'TAMU'),
('24090133', 'Muhammad fajar Ramadhan', 'Desa karang Mulya rt05 rw01 kec Suradadi kab Tegal', 'Tegal', '2006-10-15', '081567677073', 'fajartegal355@gmail.com', NULL, 'L', '2025-11-16', 'fajartegal355@gmail.com', '2025-11-16', 'TAMU'),
('24090134', 'Moh Fauzi Hasan Bix', 'JL.kh ahmad dahlan RT 05 RW 12 Desa. Pasar Batang Kec. Brebes', 'BREBES', '2003-05-21', '085293738960', 'fauzihasanbix174@gmail.com', NULL, 'L', '2025-11-16', 'fauzihasanbix174@gmail.com', '2025-11-16', 'TAMU'),
('24090135', 'Alfian farros alfarisi', 'Jl.anoa, rt 02 rw 04, desa trayeman, kecamatan Slawi, kabupaten tegal', 'Slawi', '2005-11-04', '082137284883', 'alfarisibrata@gmail.com', NULL, 'L', '2025-11-16', 'alfarisibrata@gmail.com', '2025-11-16', 'TAMU'),
('24090136', 'julian tri arfandi', 'pagedangan,adiwerna,kab.tegal', 'tegal', '2005-07-28', '088985024204', 'arfand628@gmail.com', NULL, 'L', '2025-11-16', 'arfand628@gmail.com', '2025-11-16', 'TAMU'),
('24090137', 'Muhammad Huzaifah Annazif', 'Jl. Perintis kemerdekaan kel slerok kec Tegal Timur', 'Tegal', '2002-10-28', '087846008915', 'hudzaifah2903@gmail.com', NULL, 'L', '2025-11-16', 'hudzaifah2903@gmail.com', '2025-11-16', 'TAMU'),
('24090138', 'Rakha Arya Bagaskara', 'Jl. Mliwis Gg. Walet No.9', 'Tegal', '2003-08-05', '085962891782', 'dawgsyogs@gmail.com', NULL, 'L', '2025-11-16', 'dawgsyogs@gmail.com', '2025-11-16', 'TAMU'),
('24090139', 'FAUZY ADYTYAMAKI MADHERA', 'JL.Mangga DS.Grobogkulon,Kec.Pangkah,Kab.Tegal Jawa Tengah', 'Ngawi', '2006-07-07', '085931244939', 'fauzyaditya414@gmail.com', NULL, 'L', '2025-11-16', 'fauzyaditya414@gmail.com', '2025-11-16', 'TAMU'),
('24090141', 'Sofyan Yudha Akmalullah', 'Perumahan Grand Emerald Pengabean, Pengabean, Kec. Dukuhturi, Kab. Tegal, Jawa Tengah', 'Grobogan', '2006-11-05', '085713363903', 'sofyanyudha1@gmail.com', NULL, 'L', '2025-11-16', 'sofyanyudha1@gmail.com', '2025-11-16', 'TAMU'),
('25092001', 'Sulthan Khansa', 'Jl. Brawijaya no. 64 Muarareja', 'Tegal', '2002-04-11', '087840321058', 'sulthankhansa11@gmail.com', NULL, 'L', '2025-11-16', 'sulthankhansa11@gmail.com', '2025-11-16', 'TAMU'),
('CUST000', 'Pelanggan Tamu (Guest)', '-', '', '0000-00-00', '0000000000', 'guest@store.com', NULL, 'L', '2026-01-18', NULL, NULL, NULL);

-- --------------------------------------------------------

--
-- Struktur dari tabel `genders`
--

CREATE TABLE `genders` (
  `GENDER_ID` char(1) NOT NULL,
  `GENDER` char(9) NOT NULL
) ENGINE=InnoDB DEFAULT CHARSET=utf8mb4 COLLATE=utf8mb4_general_ci;

--
-- Dumping data untuk tabel `genders`
--

INSERT INTO `genders` (`GENDER_ID`, `GENDER`) VALUES
('L', 'Laki-laki'),
('P', 'Perempuan');

-- --------------------------------------------------------

--
-- Struktur dari tabel `orders`
--

CREATE TABLE `orders` (
  `ORDER_ID` int(11) NOT NULL,
  `ORDER_DATE` datetime NOT NULL,
  `CUST_ID` char(8) DEFAULT '-NoName-',
  `USER_ID` char(8) DEFAULT NULL,
  `TOTAL` int(11) NOT NULL,
  `METHOD_ID` char(1) DEFAULT '1',
  `BANK_TRANS` varchar(25) DEFAULT NULL,
  `RECEIPT_NUMBER` char(20) DEFAULT NULL,
  `ORDER_STATUS` enum('PENDING','COMPLETED','CANCELLED') DEFAULT 'PENDING'
) ENGINE=InnoDB DEFAULT CHARSET=utf8mb4 COLLATE=utf8mb4_general_ci;

--
-- Dumping data untuk tabel `orders`
--

INSERT INTO `orders` (`ORDER_ID`, `ORDER_DATE`, `CUST_ID`, `USER_ID`, `TOTAL`, `METHOD_ID`, `BANK_TRANS`, `RECEIPT_NUMBER`, `ORDER_STATUS`) VALUES
(81, '2025-08-31 00:00:00', '24090130', '12345678', 124000, '1', '', '12345678202508311200', 'COMPLETED'),
(104, '2025-10-17 00:00:00', '24090130', '12345678', 100000, '1', '', '12345678202510171200', 'COMPLETED'),
(181, '2025-10-23 00:00:00', '24090130', '12345678', 375000, '1', '', '12345678202510231200', 'COMPLETED'),
(202, '2025-11-03 00:00:00', '24090096', '24090138', 65000, '3', '', '24090138202511031200', 'COMPLETED'),
(206, '2025-10-17 00:00:00', '24090104', '24090138', 465000, '3', '', '24090138202510171200', 'COMPLETED'),
(224, '2025-11-01 00:00:00', '24090081', '24090138', 2215500, '1', '', '24090138202511011200', 'COMPLETED'),
(230, '2025-10-29 00:00:00', '24090092', '24090138', 1434712, '1', '', '24090138202510291200', 'COMPLETED'),
(232, '2025-11-02 00:00:00', '24090093', '24090138', 193000, '3', '', '24090138202511021200', 'COMPLETED'),
(234, '2025-09-30 00:00:00', '24090086', '24090138', 474000, '1', '', '24090138202509301200', 'COMPLETED'),
(251, '2025-10-10 00:00:00', '24090093', '24090138', 224500, '2', '', '24090138202510101200', 'COMPLETED'),
(252, '2025-10-23 00:00:00', '24090101', '24090138', 450000, '3', '', '24090138202510231200', 'COMPLETED'),
(254, '2025-10-14 00:00:00', '24090076', '24090138', 1477000, '3', '', '24090138202510141200', 'COMPLETED'),
(258, '2025-10-27 00:00:00', '24090075', '24090138', 1855300, '3', '', '24090138202510271200', 'COMPLETED'),
(261, '2025-10-03 00:00:00', '24090094', '24090138', 1650000, '2', '', '24090138202510031200', 'COMPLETED'),
(262, '2025-06-07 00:00:00', '24090070', '24090138', 289700, '1', '', '24090138202506071200', 'COMPLETED'),
(263, '2025-01-03 00:00:00', '24090102', '24090138', 914500, '2', '', '24090138202509031200', 'COMPLETED'),
(277, '2025-09-12 00:00:00', '24090078', '24090138', 1069000, '3', '', '24090138202509121200', 'COMPLETED'),
(278, '2025-02-02 00:00:00', '24090071', '24090138', 500000, '3', '', '24090138202502021200', 'COMPLETED'),
(279, '2025-10-25 00:00:00', '24090083', '24090138', 125000, '1', '', '24090138202510251200', 'COMPLETED'),
(280, '2025-10-08 00:00:00', '24090084', '24090138', 142500, '1', '', '24090138202510081200', 'COMPLETED'),
(282, '2025-10-20 00:00:00', '24090082', '24090138', 398212, '1', '', '24090138202510201200', 'COMPLETED'),
(285, '2025-09-10 00:00:00', '24090077', '24090138', 545000, '1', '', '24090138202509101200', 'COMPLETED'),
(287, '2025-10-01 00:00:00', '24090096', '24090138', 723000, '1', '', '24090138202510011200', 'COMPLETED'),
(289, '2025-06-03 00:00:00', '24090081', '24090138', 45000, '2', '', '24090138202506031200', 'COMPLETED'),
(293, '2025-08-09 00:00:00', '24090093', '24090138', 1110000, '3', '', '24090138202508091200', 'COMPLETED'),
(297, '2025-07-08 00:00:00', '24090084', '24090138', 620000, '2', '', '24090138202507081200', 'COMPLETED'),
(300, '2025-01-01 00:00:00', '24090099', '24090138', 300000, '1', '', '24090138202501011200', 'COMPLETED'),
(304, '2025-09-01 00:00:00', '24090093', '24090138', 627500, '2', '', '24090138202509011200', 'COMPLETED'),
(310, '2025-07-22 00:00:00', '24090070', '24090138', 318000, '3', '', '24090138202507221200', 'COMPLETED'),
(311, '2025-03-01 00:00:00', '24090071', '24090138', 100000, '3', '', '24090138202503011200', 'COMPLETED'),
(317, '2025-09-04 00:00:00', '24090096', '24090138', 172000, '3', '', '24090138202512011200', 'COMPLETED'),
(319, '2025-07-13 00:00:00', '24090093', '24090138', 825000, '3', '', '24090138202507131200', 'COMPLETED'),
(320, '2025-03-06 00:00:00', '24090104', '24090138', 600000, '1', '', '24090138202503061200', 'COMPLETED'),
(322, '2025-08-10 00:00:00', '24090086', '24090138', 263000, '3', '', '24090138202508101200', 'COMPLETED'),
(324, '2025-10-31 00:00:00', '24090083', '24090138', 241000, '1', '', '24090138202510311200', 'COMPLETED'),
(325, '2025-04-10 00:00:00', '24090071', '24090138', 357300, '3', '', '24090138202504101200', 'COMPLETED'),
(327, '2025-08-05 00:00:00', '24090096', '24090138', 1550000, '3', '', '24090138202508051200', 'COMPLETED'),
(328, '2025-06-11 00:00:00', '24090093', '24090138', 380000, '2', '', '24090138202506111200', 'COMPLETED'),
(333, '2025-08-17 00:00:00', '24090070', '24090138', 260000, '1', '', '24090138202508171200', 'COMPLETED'),
(334, '2025-10-28 00:00:00', '24090083', '24090138', 195000, '3', '', '24090138202510281200', 'COMPLETED'),
(336, '2025-08-14 00:00:00', '24090077', '24090138', 1601000, '2', '', '24090138202508141200', 'COMPLETED'),
(337, '2025-07-06 00:00:00', '24090096', '24090138', 875000, '1', '', '24090138202507061200', 'COMPLETED'),
(338, '2025-06-26 00:00:00', '24090104', '24090138', 176800, '3', '', '24090138202506261200', 'COMPLETED'),
(341, '2025-08-19 00:00:00', '24090084', '24090138', 949000, '1', '', '24090138202508191200', 'COMPLETED'),
(343, '2025-09-04 00:00:00', '24090092', '24090138', 838000, '3', '', '24090138202509041200', 'COMPLETED'),
(344, '2025-06-04 00:00:00', '24090101', '24090138', 347500, '1', '', '24090138202506041200', 'COMPLETED'),
(345, '2025-05-17 00:00:00', '24090071', '24090138', 547400, '3', '', '24090138202505171200', 'COMPLETED'),
(346, '2005-12-25 00:00:00', '24090085', 'ADM001', 15000, '2', '', '24090138200512251200', 'COMPLETED'),
(352, '2025-08-16 00:00:00', '24090101', '24090138', 217500, '3', '', '24090138202508161200', 'COMPLETED'),
(353, '2025-06-12 00:00:00', '24090071', '24090138', 0, '3', '', '24090138202506121200', 'COMPLETED'),
(355, '2025-07-07 00:00:00', '24090096', '24090138', 590000, '2', '', '24090138202507071200', 'COMPLETED'),
(357, '2025-09-09 00:00:00', '24090070', '24090138', 470000, '3', '', '24090138202509091200', 'COMPLETED'),
(358, '2025-02-01 00:00:00', '24090099', '24090138', 35000, '3', '', '24090138202502011200', 'COMPLETED'),
(364, '2025-03-02 00:00:00', '24090099', '24090138', 125000, '1', '', '24090138202503021200', 'COMPLETED'),
(377, '2025-01-15 00:00:00', '24090104', '24090138', 350500, '2', '', '24090138202501151200', 'COMPLETED'),
(379, '2025-01-31 00:00:00', '24090096', '24090138', 1250000, '1', '', '24090138202501311200', 'COMPLETED'),
(380, '2025-09-06 00:00:00', '24090101', '24090138', 127000, '1', '', '24090138202509061200', 'COMPLETED'),
(381, '2025-07-09 00:00:00', '24090071', '24090138', 907000, '3', '', '24090138202507091200', 'COMPLETED'),
(382, '2025-06-08 00:00:00', '24090096', '24090138', 225000, '2', '', '24090138202506081200', 'COMPLETED'),
(385, '2025-10-11 00:00:00', '24090070', '24090138', 510000, '3', '', '24090138202510111200', 'COMPLETED'),
(387, '2025-09-24 00:00:00', '24090106', '24090138', 235000, '3', '', '24090138202509241200', 'COMPLETED'),
(389, '2025-09-28 00:00:00', '24090082', '24090138', 1065000, '2', '', '24090138202509281200', 'COMPLETED'),
(393, '2025-09-17 00:00:00', '24090106', '24090138', 349000, '2', '', '24090138202509171200', 'COMPLETED'),
(395, '2025-04-01 00:00:00', '24090099', '24090138', 251000, '2', '', '24090138202504011200', 'COMPLETED'),
(397, '2025-06-01 00:00:00', '24090084', '24090138', 358500, '1', '', '24090138202506011200', 'COMPLETED'),
(398, '2025-08-21 00:00:00', '24090092', '24090138', 284000, '3', '', '24090138202508211200', 'COMPLETED'),
(421, '2025-05-01 00:00:00', '24090099', '24090138', 1250000, '2', '', '24090138202505011200', 'COMPLETED'),
(515, '2025-09-05 00:00:00', '24090084', '24090138', 865000, '1', '', '24090138202509051200', 'COMPLETED'),
(528, '2025-08-13 00:00:00', '24090106', '24090138', 105500, '2', '', '24090138202508131200', 'COMPLETED'),
(535, '2025-09-16 00:00:00', '24090094', '24090138', 190000, '2', '', '24090138202509161200', 'COMPLETED'),
(540, '2025-10-18 00:00:00', '24090106', '24090138', 60000, '1', '', '24090138202510181200', 'COMPLETED'),
(541, '2025-02-28 00:00:00', '24090096', '24090138', 750000, '1', '', '24090138202502281200', 'COMPLETED'),
(561, '2025-11-03 00:00:00', '24090097', '24090138', 221000, '2', '', '24090138202511281200', 'COMPLETED'),
(562, '2025-03-31 00:00:00', '24090096', '24090138', 105000, '1', '', '24090138202503311200', 'COMPLETED'),
(563, '2025-06-27 00:00:00', '24090099', '24090138', 318000, '3', '', '24090138202506271200', 'COMPLETED'),
(566, '2025-05-09 00:00:00', '24090104', '24090138', 172000, '1', '', '24090138202505091200', 'COMPLETED'),
(570, '2025-02-25 00:00:00', '24090102', '24090138', 100000, '3', '', '24090138202502251200', 'COMPLETED'),
(572, '2025-07-10 00:00:00', '24090106', '24090138', 235000, '2', '', '24090138202507101200', 'COMPLETED'),
(576, '2025-04-30 00:00:00', '24090096', '24090138', 485000, '3', '', '24090138202504301200', 'COMPLETED'),
(579, '2025-08-03 00:00:00', '24090094', '24090138', 262500, '2', '', '24090138202508031200', 'COMPLETED'),
(581, '2025-03-30 00:00:00', '24090096', '24090138', 445000, '3', '', '24090138202503301200', 'COMPLETED'),
(584, '2025-05-06 00:00:00', '24090070', '24090138', 516000, '1', '', '24090138202505061200', 'COMPLETED'),
(585, '2025-03-25 00:00:00', '24090102', '24090138', 207500, '3', '', '24090138202503251200', 'COMPLETED'),
(586, '2025-01-21 00:00:00', '24090081', '24090138', 310000, '2', '', '24090138202501211200', 'COMPLETED'),
(592, '2025-10-24 00:00:00', '24090072', '24090138', 8000, '2', '', '24090138202510241200', 'COMPLETED'),
(593, '2025-06-10 00:00:00', '24090086', '24090138', 1352000, '1', '', '24090138202506101200', 'COMPLETED'),
(595, '2025-09-29 00:00:00', '24090072', '24090138', 60000, '3', '', '24090138202509291200', 'COMPLETED'),
(596, '2025-07-25 00:00:00', '24090106', '24090138', 112000, '2', '', '24090138202507251200', 'COMPLETED'),
(597, '2025-04-25 00:00:00', '24090102', '24090138', 32500, '2', '', '24090138202504251200', 'COMPLETED'),
(598, '2025-05-31 00:00:00', '24090096', '24090138', 330000, '3', '', '24090138202505311200', 'COMPLETED'),
(603, '2025-10-22 00:00:00', '24090101', '24090138', 330000, '2', '', '24090138202510221200', 'COMPLETED'),
(604, '2025-07-15 00:00:00', '24090106', '24090138', 69000, '2', '', '24090138202507151200', 'COMPLETED'),
(605, '2025-07-03 00:00:00', '24090094', '24090138', 375000, '2', '', '24090138202507031200', 'COMPLETED'),
(608, '2025-09-18 00:00:00', '24090081', '24090138', 73500, '1', '', '24090138202509181200', 'COMPLETED'),
(620, '2025-06-30 00:00:00', '24090096', '24090138', 200000, '2', '', '24090138202506301200', 'COMPLETED'),
(621, '2025-08-31 00:00:00', '24090072', '24090138', 10000, '3', '', '24090138202508311200', 'COMPLETED'),
(622, '2025-06-09 00:00:00', '24090094', '24090138', 172500, '2', '', '24090138202506091200', 'COMPLETED'),
(624, '2025-07-29 00:00:00', '24090072', '24090138', 15000, '3', '', '24090138202507291200', 'COMPLETED'),
(625, '2025-05-20 00:00:00', '24090086', '24090138', 138000, '2', '', '24090138202505201200', 'COMPLETED'),
(629, '2025-04-03 00:00:00', '24090094', '24090138', 70000, '2', '', '24090138202504031200', 'COMPLETED'),
(641, '2025-06-13 00:00:00', '24090104', '24090138', 626000, '3', '', '24090138202506131200', 'COMPLETED'),
(642, '2025-05-03 00:00:00', '24090094', '24090138', 450000, '2', '', '24090138202505031200', 'COMPLETED'),
(643, '2025-06-25 00:00:00', '24090102', '24090138', 10000, '3', '', '24090138202506251200', 'COMPLETED'),
(644, '2025-06-28 00:00:00', '24090072', '24090138', 450000, '3', '', '24090138202506281200', 'COMPLETED'),
(675, '2025-08-12 00:00:00', '24090081', '24090138', 252500, '3', '', '24090138202508121200', 'COMPLETED'),
(676, '2025-08-07 00:00:00', '24090106', '24090138', 299500, '1', '', '24090138202508071200', 'COMPLETED'),
(679, '2025-02-12 00:00:00', '24090104', '24090138', 189500, '1', '', '24090138202502121200', 'COMPLETED'),
(691, '2025-05-29 00:00:00', '24090072', '24090138', 70000, '3', '', '24090138202505291200', 'COMPLETED'),
(698, '2025-03-03 00:00:00', '24090094', '24090138', 80000, '2', '', '24090138202503031200', 'COMPLETED'),
(699, '2024-03-13 00:00:00', '24090072', '24090138', 98000, '3', '', '24090138202504161200', 'COMPLETED'),
(701, '2025-10-21 00:00:00', '24090070', '24090138', 25000, '3', '', '24090138202510211200', 'COMPLETED'),
(704, '2025-10-26 00:00:00', '24090070', '24090138', 8000, '3', '', '24090138202510261200', 'COMPLETED'),
(715, '2025-09-15 00:00:00', '24090070', '24090138', 47500, '1', '', '24090138202509151200', 'COMPLETED'),
(721, '2025-02-03 00:00:00', '24090094', '24090138', 147500, '2', '', '24090138202502031200', 'COMPLETED'),
(727, '2025-10-05 00:00:00', '24090081', '24090138', 40000, '2', '', '24090138202510051200', 'COMPLETED'),
(776, '2025-11-03 00:00:00', '24090097', '24090138', 240000, '3', '', '24090138202611021200', 'COMPLETED'),
(777, '2025-09-13 00:00:00', '24090101', '24090138', 55000, '1', '', '24090138202509131200', 'COMPLETED'),
(779, '2025-04-12 00:00:00', '24090104', '24090138', 15000, '3', '', '24090138202504121200', 'COMPLETED'),
(787, '2025-08-20 00:00:00', '24090070', '24090138', 194000, '1', '', '24090138202508201200', 'COMPLETED'),
(790, '2025-10-06 00:00:00', '24090072', '24090138', 31899, '1', '', '24090138202510061200', 'COMPLETED'),
(795, '2025-01-23 00:00:00', '24090099', '24090138', 6000, '3', '', '24090138202501231200', 'COMPLETED'),
(797, '2025-10-07 00:00:00', '24090092', '24090138', 50000, '2', '', '24090138202510071200', 'COMPLETED'),
(798, '2025-07-18 00:00:00', '24090104', '24090138', 480000, '1', '', '24090138202507181200', 'COMPLETED'),
(803, '2025-09-26 00:00:00', '24090084', '24090138', 100000, '1', '', '24090138202509261200', 'COMPLETED'),
(806, '2025-07-17 00:00:00', '24090101', '24090138', 325000, '2', '', '24090138202507171200', 'COMPLETED'),
(807, '2025-09-27 00:00:00', '24090084', '24090138', 12500, '1', '', '24090138202509271200', 'COMPLETED'),
(808, '2025-02-23 00:00:00', '24090099', '24090138', 125000, '2', '', '24090138202502231200', 'COMPLETED'),
(811, '2025-05-27 00:00:00', '24090071', '24090138', 54000, '3', '', '24090138202505271200', 'COMPLETED'),
(817, '2025-08-18 00:00:00', '24090092', '24090138', 40000, '1', '', '24090138202508181200', 'COMPLETED'),
(818, '2025-04-19 00:00:00', '24090099', '24090138', 40000, '3', '', '24090138202504191200', 'COMPLETED'),
(819, '2025-05-04 00:00:00', '24090071', '24090138', 49500, '3', '', '24090138202505041200', 'COMPLETED'),
(821, '2025-07-27 00:00:00', '24090081', '24090138', 10000, '1', '', '24090138202507271200', 'COMPLETED'),
(827, '2025-05-25 00:00:00', '24090071', '24090138', 16000, '3', '', '24090138202505251200', 'COMPLETED'),
(828, '2025-08-08 00:00:00', '24090084', '24090138', 150000, '2', '', '24090138202508081200', 'COMPLETED'),
(829, '2025-03-09 00:00:00', '24090104', '24090138', 1000000, '3', '', '24090138202503091200', 'COMPLETED'),
(833, '2025-05-30 00:00:00', '24090071', '24090138', 268000, '3', '', '24090138202505301200', 'COMPLETED'),
(838, '2025-07-30 00:00:00', '24090092', '24090138', 0, '1', '', '24090138202507301200', 'COMPLETED'),
(849, '2025-06-03 00:00:00', '24090129', '24090131', 737900, '3', '', '24090131202506031200', 'COMPLETED'),
(850, '2025-09-10 00:00:00', '24090120', '24090131', 1127000, '3', '', '24090131202509101200', 'COMPLETED'),
(853, '2025-11-02 00:00:00', '24090136', '24090131', 355000, '3', '', '24090131202511021200', 'COMPLETED'),
(854, '2025-11-03 00:00:00', '24090098', '24090131', 675000, '3', '', '24090131202511041200', 'COMPLETED'),
(857, '2025-11-03 00:00:00', '24090100', '24090131', 2360000, '3', '', '24090131202511071200', 'COMPLETED'),
(859, '2025-11-03 00:00:00', '24090108', '24090131', 445000, '3', '', '24090131202511261200', 'COMPLETED'),
(862, '2025-11-03 00:00:00', '24090137', '24090131', 542500, '1', '', '24090131202511031200', 'COMPLETED'),
(863, '2025-10-31 00:00:00', '24090130', '24090131', 353500, '1', '', '24090131202510311200', 'COMPLETED'),
(864, '2025-06-06 00:00:00', '24090116', '24090131', 494000, '1', '', '24090131202506061200', 'COMPLETED'),
(867, '2025-11-01 00:00:00', '24090118', '24090131', 45000, '1', '', '24090131202511011200', 'COMPLETED'),
(876, '2025-11-03 00:00:00', '24090103', '24090131', 940000, '3', '', '24090131202511051200', 'COMPLETED'),
(877, '2025-11-03 00:00:00', '24090126', '24090131', 750000, '3', '', '24090131202511061200', 'COMPLETED'),
(878, '2025-11-03 00:00:00', '24090117', '24090131', 789300, '3', '', '24090131202511231200', 'COMPLETED'),
(887, '2025-05-01 00:00:00', '24090123', '24090131', 630000, '1', '', '24090131202505011200', 'COMPLETED'),
(890, '2025-07-10 00:00:00', '24090116', '24090131', 452000, '1', '', '24090131202507101200', 'COMPLETED'),
(896, '2025-08-09 00:00:00', '24090109', '24090131', 0, '1', '', '24090131202508091200', 'COMPLETED'),
(897, '2025-07-17 00:00:00', '24090130', '24090131', 811580, '2', '', '24090131202507171200', 'COMPLETED'),
(905, '2025-09-07 00:00:00', '24090130', '24090131', 1061000, '3', '', '24090131202509071200', 'COMPLETED'),
(917, '2025-08-13 00:00:00', '24090129', '24090131', 560500, '1', '', '24090131202508131200', 'COMPLETED'),
(928, '2025-08-20 00:00:00', '24090116', '24090131', 25000, '1', '', '24090131202506051200', 'COMPLETED'),
(929, '2010-11-03 00:00:00', '24090136', '24090131', 475000, '2', '', '24090131201011031200', 'COMPLETED'),
(930, '2025-06-01 00:00:00', '24090111', '24090131', 1805000, '3', '', '24090131202506011200', 'COMPLETED'),
(931, '2025-08-15 00:00:00', '24090103', '24090131', 530000, '3', '', '24090131202508151200', 'COMPLETED'),
(932, '2025-05-23 00:00:00', '24090113', '24090131', 1100000, '2', '', '24090131202505231200', 'COMPLETED'),
(934, '2025-09-18 00:00:00', '24090116', '24090131', 233400, '1', '', '24090131202509181200', 'COMPLETED'),
(935, '2025-08-30 00:00:00', '24090107', '24090131', 20000, '3', '', '24090131202508301200', 'COMPLETED'),
(948, '2025-10-28 00:00:00', '24090120', '24090131', 235000, '1', '', '24090131202510281200', 'COMPLETED'),
(950, '2025-06-04 00:00:00', '24090136', '24090131', 0, '3', '', '24090131202506041200', 'COMPLETED'),
(956, '2025-10-06 00:00:00', '24090130', '24090131', 433500, '1', '', '24090131202510061200', 'COMPLETED'),
(958, '2025-09-01 00:00:00', '24090117', '24090131', 423000, '3', '', '24090131202504101200', 'COMPLETED'),
(959, '2025-10-01 00:00:00', '24090109', '24090131', 2807200, '3', '', '24090131202510011200', 'COMPLETED'),
(963, '2025-05-31 00:00:00', '24090123', '24090131', 114000, '1', '', '24090131202505311200', 'COMPLETED'),
(965, '2025-08-14 00:00:00', '24090116', '24090131', 221500, '1', '', '24090131202508141200', 'COMPLETED'),
(966, '2025-10-15 00:00:00', '24090132', '24090131', 23000, '2', '', '24090131202511291200', 'COMPLETED'),
(968, '2025-06-08 00:00:00', '24090111', '24090131', 405000, '1', '', '24090131202506081200', 'COMPLETED'),
(970, '2025-06-01 00:00:00', '24090123', '24090131', 240000, '3', '', '24090131202508011200', 'COMPLETED'),
(972, '2025-04-02 00:00:00', '24090132', '24090131', 729800, '1', '', '24090131202512091200', 'COMPLETED'),
(974, '2025-10-23 00:00:00', '24090116', '24090131', 336000, '1', '', '24090131202510231200', 'COMPLETED'),
(975, '2025-07-27 00:00:00', '24090111', '24090131', 1034000, '3', '', '24090131202507271200', 'COMPLETED'),
(977, '2025-10-15 00:00:00', '24090120', '24090131', 245000, '1', '', '24090131202510151200', 'COMPLETED'),
(978, '2025-10-27 00:00:00', '24090116', '24090131', 349000, '1', '', '24090131202510271200', 'COMPLETED'),
(979, '2025-06-30 00:00:00', '24090123', '24090131', 35000, '2', '', '24090131202506301200', 'COMPLETED'),
(983, '2025-10-16 00:00:00', '24090116', '24090131', 156000, '1', '', '24090131202510161200', 'COMPLETED'),
(984, '2025-09-26 00:00:00', '24090130', '24090131', 285000, '2', '', '24090131202509261200', 'COMPLETED'),
(985, '2025-10-10 00:00:00', '24090135', '24090131', 70000, '3', '', '24090131202510101200', 'COMPLETED'),
(986, '2025-10-22 00:00:00', '24090115', '24090131', 100000, '2', '', '24090131202510221200', 'COMPLETED'),
(987, '2025-08-27 00:00:00', '24090130', '24090131', 75000, '3', '', '24090131202508271200', 'COMPLETED'),
(989, '2025-08-31 00:00:00', '24090129', '24090131', 746500, '3', '', '24090131202508311200', 'COMPLETED'),
(990, '2025-08-17 00:00:00', '24090130', '24090131', 3000, '3', '', '24090131202508171200', 'COMPLETED'),
(991, '2025-10-30 00:00:00', '24090120', '24090131', 146500, '2', '', '24090131202510301200', 'COMPLETED'),
(995, '2025-06-02 00:00:00', '24090113', '24090131', 1460000, '2', '', '24090131202506021200', 'COMPLETED'),
(997, '2025-09-11 00:00:00', '24090135', '24090131', 360000, '3', '', '24090131202509111200', 'COMPLETED'),
(998, '2025-09-17 00:00:00', '24090107', '24090131', 960000, '1', '', '24090131202509171200', 'COMPLETED'),
(999, '2025-10-13 00:00:00', '24090118', '24090131', 142000, '1', '', '24090131202510131200', 'COMPLETED'),
(1001, '2025-08-20 00:00:00', '24090135', '24090131', 490000, '3', '', '24090131202508201200', 'COMPLETED'),
(1002, '2025-10-08 00:00:00', '24090120', '24090131', 75000, '1', '', '24090131202510081200', 'COMPLETED'),
(1004, '2025-09-25 00:00:00', '24090116', '24090131', 46000, '1', '', '24090131202509251200', 'COMPLETED'),
(1005, '2025-11-02 00:00:00', '24090107', '24090131', 820000, '1', '', '24090131202507231200', 'COMPLETED'),
(1006, '2025-09-20 00:00:00', '24090129', '24090131', 56000, '3', '', '24090131202509201200', 'COMPLETED'),
(1013, '2025-11-01 00:00:00', '24090132', '24090131', 436000, '3', '', '24090131202601161200', 'COMPLETED'),
(1021, '2025-10-09 00:00:00', '24090137', '24090131', 762000, '1', '', '24090131202510091200', 'COMPLETED'),
(1022, '2025-08-28 00:00:00', '24090111', '24090131', 975000, '2', '', '24090131202508281200', 'COMPLETED'),
(1023, '2025-08-21 00:00:00', '24090116', '24090131', 300000, '1', '', '24090131202508211200', 'COMPLETED'),
(1024, '2025-10-25 00:00:00', '24090129', '24090131', 35500, '3', '', '24090131202510251200', 'COMPLETED'),
(1027, '2025-07-01 00:00:00', '24090123', '24090131', 309404, '2', '', '24090131202507011200', 'COMPLETED'),
(1040, '2025-10-11 00:00:00', '24090129', '24090131', 70900, '1', '', '24090131202510111200', 'COMPLETED'),
(1042, '2025-10-02 00:00:00', '24090108', '24090131', 50000, '1', '', '24090131202510021200', 'COMPLETED'),
(1043, '2025-09-22 00:00:00', '24090120', '24090131', 85000, '1', '', '24090131202509221200', 'COMPLETED'),
(1044, '2025-06-25 00:00:00', '24090132', '24090131', 243000, '2', '', '24090131202602191200', 'COMPLETED'),
(1053, '2025-09-15 00:00:00', '24090120', '24090131', 92500, '3', '', '24090131202509151200', 'COMPLETED'),
(1054, '2025-10-07 00:00:00', '24090118', '24090131', 332000, '1', '', '24090131202510071200', 'COMPLETED'),
(1056, '2025-07-31 00:00:00', '24090123', '24090131', 180000, '1', '', '24090131202507311200', 'COMPLETED'),
(1057, '2025-10-21 00:00:00', '24090107', '24090131', 477000, '2', '', '24090131202510211200', 'COMPLETED'),
(1062, '2025-07-22 00:00:00', '24090132', '24090131', 20000, '1', '', '24090131202603121200', 'COMPLETED'),
(1067, '2025-08-12 00:00:00', '24090135', '24090131', 200000, '3', '', '24090131202508121200', 'COMPLETED'),
(1074, '2025-08-26 00:00:00', '24090112', '24090131', 50000, '1', '', '24090131202508261200', 'COMPLETED'),
(1078, '2025-10-19 00:00:00', '24090120', '24090131', 150000, '3', '', '24090131202510191200', 'COMPLETED'),
(1081, '2025-10-20 00:00:00', '24090108', '24090131', 145000, '2', '', '24090131202510201200', 'COMPLETED'),
(1084, '2025-05-15 00:00:00', '24090132', '24090131', 143600, '3', '', '24090131202505151200', 'COMPLETED'),
(1090, '2025-07-15 00:00:00', '24090129', '24090131', 103500, '2', '', '24090131202507151200', 'COMPLETED'),
(1094, '2025-08-10 00:00:00', '24090123', '24090131', 525000, '3', '', '24090131202508101200', 'COMPLETED'),
(1095, '2025-09-03 00:00:00', '24090117', '24090131', 172000, '1', '', '24090131202509031200', 'COMPLETED'),
(1096, '2025-08-06 00:00:00', '24090103', '24090131', 427500, '3', '', '24090131202508061200', 'COMPLETED'),
(1103, '2025-09-12 00:00:00', '24090108', '24090131', 30000, '3', '', '24090131202509121200', 'COMPLETED'),
(1104, '2025-07-16 00:00:00', '24090107', '24090131', 255000, '3', '', '24090131202507161200', 'COMPLETED'),
(1105, '2025-09-30 00:00:00', '24090108', '24090131', 9000, '1', '', '24090131202509301200', 'COMPLETED'),
(1107, '2025-10-17 00:00:00', '24090120', '24090131', 130000, '3', '', '24090131202510171200', 'COMPLETED'),
(1111, '2025-06-11 00:00:00', '24090113', '24090131', 158000, '2', '', '24090131202506111200', 'COMPLETED'),
(1124, '2025-09-09 00:00:00', '24090107', '24090131', 417200, '1', '', '24090131202509091200', 'COMPLETED'),
(1130, '2025-08-11 00:00:00', '24090123', '24090131', 172500, '3', '', '24090131202508111200', 'COMPLETED'),
(1135, '2025-06-20 00:00:00', '24090129', '24090131', 160000, '3', '', '24090131202506201200', 'COMPLETED'),
(1142, '2025-09-28 00:00:00', '24090137', '24090131', 1315000, '2', '', '24090131202509281200', 'COMPLETED'),
(1153, '2025-09-21 00:00:00', '24090118', '24090131', 65000, '1', '', '24090131202509211200', 'COMPLETED'),
(1154, '2025-09-13 00:00:00', '24090112', '24090131', 0, '1', '', '24090131202509131200', 'COMPLETED'),
(1156, '2025-03-30 00:00:00', '24090107', '24090131', 180000, '1', '', '24090131202503301200', 'COMPLETED'),
(1160, '2025-09-23 00:00:00', '24090129', '24090131', 55500, '1', '', '24090131202509231200', 'COMPLETED'),
(1163, '2025-09-29 00:00:00', '24090120', '24090131', 30000, '3', '', '24090131202509291200', 'COMPLETED'),
(1164, '2025-07-22 00:00:00', '24090135', '24090131', 120000, '2', '', '24090131202507221200', 'COMPLETED'),
(1168, '2025-09-01 00:00:00', '24090123', '24090131', 310000, '3', '', '24090131202509011200', 'COMPLETED'),
(1172, '2025-07-31 00:00:00', '24090092', '24090138', 39000, '1', '', '24090138202507311200', 'COMPLETED'),
(1173, '2025-06-24 00:00:00', '24090092', '24090138', 36000, '1', '', '24090138202506241200', 'COMPLETED'),
(1178, '2025-02-08 00:00:00', '24090086', '24090138', 79000, '3', '', '24090138202502081200', 'COMPLETED'),
(1179, '2025-09-22 00:00:00', '24090092', '24090138', 151200, '2', '', '24090138202509221200', 'COMPLETED'),
(1182, '2025-07-24 00:00:00', '24090107', '24090131', 312200, '1', '', '24090131202507241200', 'COMPLETED'),
(1184, '2025-10-03 00:00:00', '24090129', '24090131', 92500, '1', '', '24090131202510031200', 'COMPLETED'),
(1194, '2025-01-14 00:00:00', '24090086', '24090138', 63000, '1', '', '24090138202501141200', 'COMPLETED'),
(1195, '2025-07-03 00:00:00', '24090103', '24090131', 0, '3', '', '24090131202507031200', 'COMPLETED'),
(1199, '2025-07-14 00:00:00', '24090086', '24090138', 114000, '2', '', '24090138202507141200', 'COMPLETED'),
(1200, '2025-07-06 00:00:00', '24090103', '24090131', 270000, '3', '', '24090131202507061200', 'COMPLETED'),
(1201, '2025-03-08 00:00:00', '24090086', '24090138', 88000, '1', '', '24090138202503081200', 'COMPLETED'),
(1202, '2025-04-22 00:00:00', '24090086', '24090138', 220500, '2', '', '24090138202504221200', 'COMPLETED'),
(1243, '2025-11-03 00:00:00', '24090056', '24090056', 30000, '1', '', '24090056202511121200', 'COMPLETED'),
(1244, '2025-11-02 00:00:00', '24090023', '24090056', 486800, '1', '', '24090056202511021200', 'COMPLETED'),
(1245, '2025-11-04 00:00:00', '24090035', '24090056', 0, '1', '', '24090056202511041200', 'COMPLETED'),
(1248, '2025-11-03 00:00:00', '24090067', '24090056', 962000, '2', '', '24090056202511031200', 'COMPLETED'),
(1249, '2025-10-09 00:00:00', '24090069', '24090056', 0, '2', '', '24090056202510091200', 'COMPLETED'),
(1251, '2025-10-03 00:00:00', '24090062', '24090056', 0, '1', '', '24090056202510031200', 'COMPLETED'),
(1252, '2025-04-23 00:00:00', '24090026', '24090056', 676000, '1', '', '24090056202504231200', 'COMPLETED'),
(1263, '2025-11-01 00:00:00', '24090061', '24090056', 0, '3', '', '24090056202511011200', 'COMPLETED'),
(1266, '2025-11-05 00:00:00', '24090042', '24090056', 0, '1', '', '24090056202511051200', 'COMPLETED'),
(1270, '2025-06-10 00:00:00', '24090068', '24090056', 500000, '1', '', '24090056202506101200', 'COMPLETED'),
(1274, '2025-09-10 00:00:00', '24090066', '24090056', 0, '3', '', '24090056202509101200', 'COMPLETED'),
(1279, '2025-10-01 00:00:00', '24090058', '24090056', 25000, '3', '', '24090056202512011200', 'COMPLETED'),
(1300, '2025-10-22 00:00:00', '24090039', '24090056', 3814000, '1', '', '24090056202510221200', 'COMPLETED'),
(1314, '2025-07-10 00:00:00', '24090006', '24090038', 231000, '1', '', '24090038202511031200', 'COMPLETED'),
(1316, '2025-11-01 00:00:00', '24090034', '24090038', 373000, '3', '', '24090038202511041200', 'COMPLETED'),
(1317, '2025-10-27 00:00:00', '24090014', '24090038', 230500, '1', '', '24090038202510171200', 'COMPLETED'),
(1325, '2025-10-16 00:00:00', '24090032', '24090038', 255000, '1', '', '24090038202511011200', 'COMPLETED'),
(1327, '2025-11-02 00:00:00', '24090030', '24090038', 663000, '1', '', '24090038202511021200', 'COMPLETED'),
(1330, '2025-10-28 00:00:00', '24090015', '24090038', 128000, '3', '', '24090038202510281200', 'COMPLETED'),
(1333, '2025-10-06 00:00:00', '24090022', '24090038', 4258000, '3', '', '24090038202510061200', 'COMPLETED'),
(1336, '2025-10-09 00:00:00', '24090016', '24090038', 73000, '3', '', '24090038202510311200', 'COMPLETED'),
(1338, '2025-10-30 00:00:00', '24090001', '24090038', 251000, '2', '', '24090038202510021200', 'COMPLETED'),
(1341, '2025-11-02 00:00:00', '24090017', '24090038', 97500, '1', '', '24090038202511061200', 'COMPLETED'),
(1344, '2025-11-04 00:00:00', '24090010', '24090038', 447000, '3', '', '24090038202511081200', 'COMPLETED'),
(1345, '2025-08-22 00:00:00', '24090008', '24090038', 76300, '2', '', '24090038202510091200', 'COMPLETED'),
(1349, '2025-10-25 00:00:00', '24090018', '24090038', 70000, '3', '', '24090038202510251200', 'COMPLETED'),
(1360, '2025-02-04 00:00:00', '24090027', '24090038', 612000, '3', '', '24090038202502041200', 'COMPLETED'),
(1362, '2025-06-27 00:00:00', '24090132', '24090131', 815000, '3', '', '24090131202506271200', 'COMPLETED'),
(1363, '2025-10-15 00:00:00', '24090004', '24090038', 78500, '3', '', '24090038202412311200', 'COMPLETED'),
(1364, '2025-05-24 00:00:00', '24090020', '24090038', 976800, '3', '', '24090038202508071200', 'COMPLETED'),
(1365, '2025-06-01 00:00:00', '24090002', '24090038', 1070000, '3', '', '24090038202505311200', 'COMPLETED'),
(1366, '2025-09-16 00:00:00', '24090141', '24090038', 375000, '3', '', '24090038202509161200', 'COMPLETED'),
(1372, '2025-04-26 00:00:00', '24090132', '24090131', 190000, '3', '', '24090131202504261200', 'COMPLETED'),
(1373, '2025-07-12 00:00:00', '24090027', '24090038', 4000, '1', '', '24090038202512191200', 'COMPLETED'),
(1374, '2025-03-14 00:00:00', '-NoName-', '24090131', 546500, '1', '', '24090131202503141200', 'COMPLETED'),
(1375, '2025-09-10 00:00:00', '24090014', '24090038', 140000, '3', '', '24090038202509101200', 'COMPLETED'),
(1376, '2025-10-04 00:00:00', '24090033', '24090038', 100000, '1', '', '24090038202507051200', 'COMPLETED'),
(1377, '2025-08-17 00:00:00', '24090027', '24090038', 7000, '2', '', '24090038202508171200', 'COMPLETED'),
(1378, '2025-09-24 00:00:00', '24090040', '24090038', 1859000, '1', '', '24090038202509241200', 'COMPLETED'),
(1379, '2025-05-08 00:00:00', '24090009', '24090038', 530000, '3', '', '24090038202505081200', 'COMPLETED'),
(1380, '2025-08-30 00:00:00', '24090001', '24090038', 0, '2', '', '24090038202508301200', 'COMPLETED'),
(1381, '2025-05-04 00:00:00', '24090009', '24090038', 280000, '2', '', '24090038202505041200', 'COMPLETED'),
(1385, '2025-10-24 00:00:00', '24090028', '24090038', 149000, '1', '', '24090038202511201200', 'COMPLETED'),
(1386, '2006-08-08 00:00:00', '24090012', '24090038', 1760000, '3', '', '24090038200608081200', 'COMPLETED'),
(1387, '2025-10-04 00:00:00', '24090029', '24090038', 4178520, '1', '', '24090038202510041200', 'COMPLETED'),
(1389, '2025-09-09 00:00:00', '24090033', '24090038', 479000, '3', '', '24090038202509091200', 'COMPLETED'),
(1390, '2025-09-11 00:00:00', '24090040', '24090038', 505000, '1', '', '24090038202509111200', 'COMPLETED'),
(1392, '2025-05-09 00:00:00', '24090037', '24090056', 0, '1', '', '24090056202505091200', 'COMPLETED'),
(1393, '2025-09-24 00:00:00', '24090132', '24090131', 467500, '1', '', '24090131202509241200', 'COMPLETED'),
(1394, '2025-10-22 00:00:00', '24090141', '24090038', 1775000, '1', '', '24090038202510221200', 'COMPLETED'),
(1395, '2025-05-02 00:00:00', '24090043', '24090056', 0, '1', '', '24090056202505021200', 'COMPLETED'),
(1396, '2025-06-02 00:00:00', '24090013', '24090038', 1241000, '2', '', '24090038202506021200', 'COMPLETED'),
(1397, '2025-09-30 00:00:00', '24090001', '24090038', 846000, '1', '', '24090038202509011200', 'COMPLETED'),
(1398, '2025-10-19 00:00:00', '24090033', '24090038', 300880, '2', '', '24090038202511151200', 'COMPLETED'),
(1399, '2025-08-12 00:00:00', '24090014', '24090038', 210000, '2', '', '24090038202508121200', 'COMPLETED'),
(1400, '2025-07-18 00:00:00', '24090132', '24090131', 373500, '2', '', '24090131202507181200', 'COMPLETED'),
(1401, '2025-10-26 00:00:00', '24090033', '24090038', 532000, '3', '', '24090038202512281200', 'COMPLETED'),
(1402, '2025-07-31 00:00:00', '24090014', '24090038', 20300, '1', '', '24090038202507311200', 'COMPLETED'),
(1407, '2025-05-15 00:00:00', '24090025', '24090038', 1245145, '3', '', '24090038202505151200', 'COMPLETED'),
(1408, '2025-05-15 00:00:00', '25092001', '24090038', 570000, '1', '', '24090038202505071200', 'COMPLETED'),
(1409, '2025-10-29 00:00:00', '24090001', '24090038', 163000, '3', '', '24090038202510291200', 'COMPLETED'),
(1410, '2025-03-07 00:00:00', '24090027', '24090038', 1272616, '2', '', '24090038202503071200', 'COMPLETED'),
(1411, '2025-06-30 00:00:00', '24090011', '24090038', 1251500, '1', '', '24090038202506301200', 'COMPLETED'),
(1415, '2025-03-06 00:00:00', '24090006', '24090038', 221000, '1', '', '24090038202510111200', 'COMPLETED'),
(1416, '2025-10-30 00:00:00', '24090141', '24090038', 801000, '2', '', '24090038202510301200', 'COMPLETED'),
(1418, '2025-08-10 00:00:00', '24090008', '24090038', 840000, '1', '', '24090038202508101200', 'COMPLETED'),
(1421, '2025-05-02 00:00:00', '24090003', '24090038', 28000, '1', '', '24090038202505021200', 'COMPLETED'),
(1422, '2025-06-01 00:00:00', '24090011', '24090038', 250000, '3', '', '24090038202506011200', 'COMPLETED'),
(1427, '2025-10-21 00:00:00', '24090141', '24090038', 1229500, '2', '', '24090038202510211200', 'COMPLETED'),
(1428, '2025-07-19 00:00:00', '24090018', '24090038', 105000, '1', '', '24090038202507191200', 'COMPLETED'),
(1430, '2025-08-14 00:00:00', '24090010', '24090038', 259900, '3', '', '24090038202508141200', 'COMPLETED'),
(1432, '2025-08-01 00:00:00', '24090027', '24090038', 179700, '3', '', '24090038202508011200', 'COMPLETED'),
(1433, '2025-05-03 00:00:00', '24090003', '24090038', 200000, '1', '', '24090038202505031200', 'COMPLETED'),
(1434, '2025-08-22 00:00:00', '24090015', '24090038', 226000, '2', '', '24090038202508221200', 'COMPLETED'),
(1435, '2025-07-10 00:00:00', '24090018', '24090038', 1802500, '2', '', '24090038202507101200', 'COMPLETED'),
(1437, '2025-10-12 00:00:00', '24090027', '24090038', 167200, '1', '', '24090038202510121200', 'COMPLETED'),
(1439, '2025-10-07 00:00:00', '24090027', '24090038', 596000, '3', '', '24090038202510071200', 'COMPLETED'),
(1440, '2025-10-24 00:00:00', '24090040', '24090038', 845500, '2', '', '24090038202510241200', 'COMPLETED'),
(1443, '2025-10-01 00:00:00', '24090141', '24090038', 659000, '3', '', '24090038202510011200', 'COMPLETED'),
(1444, '2025-09-03 00:00:00', '24090008', '24090038', 313500, '2', '', '24090038202509031200', 'COMPLETED'),
(1451, '2025-09-23 00:00:00', '24090033', '24090038', 468000, '3', '', '24090038202509231200', 'COMPLETED'),
(1453, '2025-09-27 00:00:00', '24090018', '24090038', 240000, '3', '', '24090038202509271200', 'COMPLETED'),
(1454, '2025-07-08 00:00:00', '24090002', '24090038', 750000, '2', '', '24090038202511141200', 'COMPLETED'),
(1455, '2025-05-06 00:00:00', '25092001', '24090038', 120000, '1', '', '24090038202505061200', 'COMPLETED'),
(1457, '2025-04-02 00:00:00', '24090003', '24090038', 15000, '1', '', '24090038202504021200', 'COMPLETED'),
(1458, '2025-10-03 00:00:00', '24090040', '24090038', 1864500, '1', '', '24090038202510031200', 'COMPLETED'),
(1460, '2025-06-19 00:00:00', '24090025', '24090038', 230000, '2', '', '24090038202506191200', 'COMPLETED'),
(1466, '2025-06-29 00:00:00', '24090002', '24090038', 592000, '1', '', '24090038202511051200', 'COMPLETED'),
(1467, '2025-09-15 00:00:00', '24090018', '24090038', 1050000, '3', '', '24090038202509151200', 'COMPLETED'),
(1470, '2025-05-01 00:00:00', '24090003', '24090038', 540000, '1', '', '24090038202505011200', 'COMPLETED'),
(1471, '2025-09-28 00:00:00', '24090141', '24090038', 93400, '2', '', '24090038202509281200', 'COMPLETED'),
(1474, '2025-07-17 00:00:00', '24090015', '24090038', 1064000, '3', '', '24090038202507171200', 'COMPLETED'),
(1475, '2025-08-15 00:00:00', '24090025', '24090038', 380000, '1', '', '24090038202508151200', 'COMPLETED'),
(1476, '2025-07-11 00:00:00', '24090018', '24090038', 6000, '2', '', '24090038202507111200', 'COMPLETED'),
(1479, '2025-04-12 00:00:00', '24090006', '24090038', 272500, '1', '', '24090038202504121200', 'COMPLETED'),
(1481, '2025-08-11 00:00:00', '24090033', '24090038', 315000, '2', '', '24090038202508111200', 'COMPLETED'),
(1482, '2025-04-01 00:00:00', '24090003', '24090038', 15000, '1', '', '24090038202504011200', 'COMPLETED'),
(1484, '2025-08-23 00:00:00', '24090141', '24090038', 177000, '3', '', '24090038202508231200', 'COMPLETED'),
(1485, '2025-08-21 00:00:00', '24090033', '24090038', 643000, '2', '', '24090038202508211200', 'COMPLETED'),
(1486, '2025-09-04 00:00:00', '24090008', '24090038', 449500, '1', '', '24090038202509041200', 'COMPLETED'),
(1488, '2025-06-20 00:00:00', '25092001', '24090038', 593000, '2', '', '24090038202506201200', 'COMPLETED'),
(1489, '2025-10-13 00:00:00', '24090141', '24090038', 198000, '2', '', '24090038202510131200', 'COMPLETED'),
(1490, '2025-05-09 00:00:00', '24090003', '24090038', 130000, '1', '', '24090038202505091200', 'COMPLETED'),
(1492, '2025-11-17 00:00:00', '24090002', '24090038', 251000, '3', '', '24090038202511171200', 'COMPLETED'),
(1493, '2025-08-27 00:00:00', '24090033', '24090038', 480000, '2', '', '24090038202508271200', 'COMPLETED'),
(1494, '2025-02-13 00:00:00', '24090003', '24090038', 482000, '1', '', '24090038202502131200', 'COMPLETED'),
(1495, '2025-05-12 00:00:00', '24090009', '24090038', 87000, '1', '', '24090038202505121200', 'COMPLETED'),
(1496, '2025-04-18 00:00:00', '24090003', '24090038', 210000, '1', '', '24090038202504181200', 'COMPLETED'),
(1501, '2025-05-23 00:00:00', '24090009', '24090038', 1000000, '1', '', '24090038202505231200', 'COMPLETED'),
(1503, '2025-08-13 00:00:00', '24090018', '24090038', 35000, '3', '', '24090038202508131200', 'COMPLETED'),
(1505, '2025-06-06 00:00:00', '24090015', '24090038', 201500, '1', '', '24090038202506061200', 'COMPLETED'),
(1513, '2025-06-01 00:00:00', '24090064', '24090056', 550000, '1', '', '24090056202506011200', 'COMPLETED'),
(1514, '2025-11-09 00:00:00', '24090008', '24090038', 188000, '2', '', '24090038202511091200', 'COMPLETED'),
(1515, '2025-06-27 00:00:00', '25092001', '24090038', 1050000, '3', '', '24090038202506271200', 'COMPLETED'),
(1516, '2025-10-15 00:00:00', '24090018', '24090038', 223212, '2', '', '24090038202510151200', 'COMPLETED'),
(1520, '2025-10-05 00:00:00', '24090141', '24090038', 42500, '2', '', '24090038202510051200', 'COMPLETED'),
(1524, '2025-04-11 00:00:00', '24090009', '24090038', 50000, '2', '', '24090038202504111200', 'COMPLETED'),
(1525, '2025-07-29 00:00:00', '24090033', '24090038', 115000, '3', '', '24090038202507291200', 'COMPLETED'),
(1526, '2025-01-18 00:00:00', '24090003', '24090038', 289000, '1', '', '24090038202501181200', 'COMPLETED'),
(1530, '2025-08-06 00:00:00', '25092001', '24090038', 665000, '3', '', '24090038202508061200', 'COMPLETED'),
(1535, '2025-04-08 00:00:00', '24090009', '24090038', 1170000, '1', '', '24090038202504081200', 'COMPLETED'),
(1536, '2025-08-08 00:00:00', '24090018', '24090038', 56000, '3', '', '24090038202508081200', 'COMPLETED'),
(1537, '2025-08-02 00:00:00', '24090033', '24090038', 267000, '3', '', '24090038202508021200', 'COMPLETED'),
(1538, '2025-07-20 00:00:00', '24090002', '24090038', 48000, '3', '', '24090038202507201200', 'COMPLETED'),
(1539, '2025-05-26 00:00:00', '24090015', '24090038', 206000, '3', '', '24090038202505261200', 'COMPLETED'),
(1544, '2025-07-15 00:00:00', '25092001', '24090038', 79000, '3', '', '24090038202507151200', 'COMPLETED'),
(1550, '2025-05-10 00:00:00', '24090006', '24090038', 308000, '1', '', '24090038202505101200', 'COMPLETED'),
(1558, '2025-09-12 00:00:00', '25092001', '24090038', 245000, '3', '', '24090038202509121200', 'COMPLETED'),
(1562, '2025-04-26 00:00:00', '24090003', '24090038', 420000, '1', '', '24090038202504261200', 'COMPLETED'),
(1563, '2025-09-17 00:00:00', '24090141', '24090038', 550000, '3', '', '24090038202509171200', 'COMPLETED'),
(1565, '2025-08-28 00:00:00', '24090018', '24090038', 41000, '3', '', '24090038202508281200', 'COMPLETED'),
(1567, '2025-08-31 00:00:00', '24090002', '24090038', 27500, '3', '', '24090038202508311200', 'COMPLETED'),
(1568, '2025-07-13 00:00:00', '24090016', '24090038', 180000, '3', '', '24090038202507131200', 'COMPLETED'),
(1571, '2025-11-23 00:00:00', '24090015', '24090038', 131000, '2', '', '24090038202511231200', 'COMPLETED'),
(1572, '2025-01-10 00:00:00', '24090003', '24090038', 115000, '1', '', '24090038202501101200', 'COMPLETED'),
(1574, '2025-02-02 00:00:00', '24090009', '24090038', 125000, '2', '', '24090038202502021200', 'COMPLETED'),
(1578, '2025-04-16 00:00:00', '24090009', '24090038', 0, '1', '', '24090038202504161200', 'COMPLETED'),
(1581, '2025-10-27 00:00:00', '24090008', '24090038', 41000, '3', '', '24090038202510271200', 'COMPLETED'),
(1583, '2025-10-18 00:00:00', '25092001', '24090038', 1043500, '2', '', '24090038202510181200', 'COMPLETED'),
(1584, '2025-05-30 00:00:00', '24090003', '24090038', 2054500, '1', '', '24090038202505301200', 'COMPLETED'),
(1586, '2025-06-10 00:00:00', '24090006', '24090038', 462500, '1', '', '24090038202506101200', 'COMPLETED'),
(1587, '2025-07-25 00:00:00', '24090009', '24090038', 215000, '1', '', '24090038202507251200', 'COMPLETED'),
(1588, '2025-10-11 00:00:00', '24090004', '24090038', 319529, '1', '', '24090038202501011200', 'COMPLETED'),
(1597, '2025-02-21 00:00:00', '24090003', '24090038', 294000, '1', '', '24090038202502211200', 'COMPLETED'),
(1598, '2025-10-14 00:00:00', '24090008', '24090038', 75000, '1', '', '24090038202510141200', 'COMPLETED'),
(1601, '2025-09-13 00:00:00', '24090002', '24090038', 50000, '1', '', '24090038202509131200', 'COMPLETED'),
(1603, '2025-09-14 00:00:00', '24090016', '24090038', 112000, '3', '', '24090038202509141200', 'COMPLETED'),
(1607, '2025-12-30 00:00:00', '24090025', '24090038', 265000, '2', '', '24090038202512301200', 'COMPLETED'),
(1609, '2025-08-26 00:00:00', '24090016', '24090038', 150000, '3', '', '24090038202508261200', 'COMPLETED'),
(1610, '2025-07-16 00:00:00', '24090008', '24090038', 676500, '3', '', '24090038202507161200', 'COMPLETED'),
(1611, '2025-04-15 00:00:00', '24090015', '24090038', 268000, '3', '', '24090038202504151200', 'COMPLETED'),
(1612, '2025-06-15 00:00:00', '24090008', '24090038', 1275000, '2', '', '24090038202506151200', 'COMPLETED'),
(1613, '2025-10-23 00:00:00', '24090015', '24090038', 388000, '2', '', '24090038202510231200', 'COMPLETED'),
(1614, '2025-07-14 00:00:00', '24090008', '24090038', 250000, '3', '', '24090038202507141200', 'COMPLETED'),
(1624, '2025-09-06 00:00:00', '24090015', '24090038', 450000, '2', '', '24090038202509061200', 'COMPLETED'),
(1626, '2025-07-04 00:00:00', '24090015', '24090038', 394000, '1', '', '24090038202507041200', 'COMPLETED'),
(1629, '2025-10-01 00:00:00', '24090024', '24090056', 786300, '2', '', '24090056202510011200', 'COMPLETED'),
(1631, '2025-05-23 00:00:00', '24090026', '24090056', 493404, '3', '', '24090056202504241200', 'COMPLETED'),
(1633, '2025-02-09 00:00:00', '24090009', '24090038', 45000, '1', '', '24090038202502091200', 'COMPLETED'),
(1634, '2025-09-21 00:00:00', '24090016', '24090038', 650000, '3', '', '24090038202509211200', 'COMPLETED'),
(1642, '2025-10-19 00:00:00', '24090016', '24090038', 420000, '3', '', '24090038202510191200', 'COMPLETED'),
(1643, '2025-07-23 00:00:00', '24090016', '24090038', 80000, '3', '', '24090038202507231200', 'COMPLETED'),
(1648, '2025-09-30 00:00:00', '24090016', '24090038', 600000, '3', '', '24090038202509301200', 'COMPLETED'),
(1650, '2025-04-19 00:00:00', '24090002', '24090038', 29000, '1', '', '24090038202504191200', 'COMPLETED'),
(1652, '2025-06-09 00:00:00', '24090026', '24090056', 531500, '1', '', '24090056202506091200', 'COMPLETED'),
(1653, '2025-06-12 00:00:00', '24090026', '24090056', 112000, '3', '', '24090056202506121200', 'COMPLETED'),
(1654, '2025-06-27 00:00:00', '24090026', '24090056', 348600, '3', '', '24090056202506271200', 'COMPLETED'),
(1656, '2025-07-07 00:00:00', '24090025', '24090038', 80000, '1', '', '24090038202507071200', 'COMPLETED'),
(1658, '2025-06-08 00:00:00', '24090025', '24090038', 64000, '3', '', '24090038202506081200', 'COMPLETED'),
(1660, '2025-08-23 00:00:00', '24090026', '24090056', 79000, '1', '', '24090056202508231200', 'COMPLETED'),
(1662, '2025-07-01 00:00:00', '24090016', '24090038', 700000, '3', '', '24090038202507011200', 'COMPLETED'),
(1663, '2025-04-27 00:00:00', '24090002', '24090038', 80000, '3', '', '24090038202504271200', 'COMPLETED'),
(1664, '2025-06-02 00:00:00', '24090026', '24090056', 390500, '3', '', '24090056202506021200', 'COMPLETED'),
(1665, '2025-03-08 00:00:00', '24090002', '24090038', 160000, '1', '', '24090038202503081200', 'COMPLETED'),
(1666, '2025-07-27 00:00:00', '24090016', '24090038', 35000, '3', '', '24090038202507271200', 'COMPLETED'),
(1667, '2025-06-20 00:00:00', '24090026', '24090056', 160000, '3', '', '24090056202506201200', 'COMPLETED'),
(1671, '2025-11-12 00:00:00', '24090025', '24090038', 0, '2', '', '24090038202511121200', 'COMPLETED'),
(1672, '2025-07-23 00:00:00', '24090026', '24090056', 102880, '3', '', '24090056202507231200', 'COMPLETED'),
(1673, '2025-10-23 00:00:00', '24090004', '24090038', 316000, '1', '', '24090038202501061200', 'COMPLETED'),
(1674, '2025-07-26 00:00:00', '24090013', '24090038', 1070000, '1', '', '24090038202507261200', 'COMPLETED'),
(1681, '2025-09-23 00:00:00', '24090026', '24090056', 100500, '3', '', '24090056202509231200', 'COMPLETED'),
(1706, '2025-09-05 00:00:00', '24090013', '24090038', 2790500, '1', '', '24090038202509051200', 'COMPLETED'),
(1715, '2025-10-08 00:00:00', '24090013', '24090038', 3719500, '2', '', '24090038202510081200', 'COMPLETED'),
(1716, '2025-06-24 00:00:00', '24090013', '24090038', 412000, '1', '', '24090038202506241200', 'COMPLETED'),
(1720, '2025-07-30 00:00:00', '24090013', '24090038', 1499500, '2', '', '24090038202507301200', 'COMPLETED'),
(1727, '2025-07-21 00:00:00', '24090013', '24090038', 4000, '2', '', '24090038202507211200', 'COMPLETED'),
(1731, '2025-09-02 00:00:00', '24090025', '24090038', 279000, '1', '', '24090038202509021200', 'COMPLETED'),
(1732, '2025-05-12 00:00:00', '24090133', '24090131', 1088000, '1', '', '24090131202505121200', 'COMPLETED'),
(1733, '2025-05-14 00:00:00', '24090133', '24090131', 774000, '1', '', '24090131202505141200', 'COMPLETED'),
(1734, '2025-05-17 00:00:00', '24090133', '24090131', 172000, '2', '', '24090131202505171200', 'COMPLETED'),
(1735, '2025-05-19 00:00:00', '24090133', '24090131', 311000, '3', '', '24090131202505191200', 'COMPLETED'),
(1741, '2025-11-10 00:00:00', '24090013', '24090038', 3262500, '2', '', '24090038202511101200', 'COMPLETED'),
(1742, '2025-11-11 00:00:00', '24090013', '24090038', 2856000, '2', '', '24090038202511111200', 'COMPLETED'),
(1745, '2025-09-22 00:00:00', '24090013', '24090038', 3434000, '2', '', '24090038202509221200', 'COMPLETED'),
(1747, '2025-05-08 00:00:00', '24090133', '24090131', 198000, '3', '', '24090131202505081200', 'COMPLETED'),
(1749, '2025-05-10 00:00:00', '24090133', '24090131', 237000, '3', '', '24090131202505101200', 'COMPLETED'),
(1750, '2025-05-16 00:00:00', '24090133', '24090131', 527000, '3', '', '24090131202505161200', 'COMPLETED'),
(1751, '2025-05-21 00:00:00', '24090133', '24090131', 224200, '3', '', '24090131202505211200', 'COMPLETED'),
(1752, '2025-05-24 00:00:00', '24090133', '24090131', 139000, '2', '', '24090131202505241200', 'COMPLETED'),
(1753, '2025-05-30 00:00:00', '24090133', '24090131', 128000, '3', '', '24090131202505301200', 'COMPLETED'),
(1766, '2025-10-07 00:00:00', '24090004', '24090038', 321000, '1', '', '24090038202501021200', 'COMPLETED'),
(1767, '2025-10-28 00:00:00', '24090004', '24090038', 100000, '1', '', '24090038202501241200', 'COMPLETED'),
(1768, '2025-11-03 00:00:00', '24090004', '24090038', 525500, '2', '', '24090038202501261200', 'COMPLETED'),
(1774, '2024-11-09 00:00:00', '24090032', '24090038', 204000, '2', '', '24090038202411091200', 'COMPLETED'),
(1780, '2025-07-08 00:00:00', '24090032', '24090038', 498000, '3', '', '24090038202507081200', 'COMPLETED'),
(1784, '2025-10-19 00:00:00', '24090004', '24090038', 369500, '3', '', '24090038202501171200', 'COMPLETED'),
(1785, '2025-10-21 00:00:00', '24090004', '24090038', 140800, '3', '', '24090038202501151200', 'COMPLETED'),
(1786, '2025-10-30 00:00:00', '24090004', '24090038', 347500, '3', '', '24090038202501251200', 'COMPLETED'),
(1787, '2025-11-02 00:00:00', '24090004', '24090038', 320500, '2', '', '24090038202501281200', 'COMPLETED'),
(1789, '2025-02-06 00:00:00', '24090032', '24090038', 750000, '1', '', '24090038202502061200', 'COMPLETED'),
(1791, '2025-08-10 00:00:00', '24090032', '24090038', 1050000, '3', '', '24090038202505291200', 'COMPLETED'),
(1794, '2025-01-30 00:00:00', '24090032', '24090038', 417000, '1', '', '24090038202501301200', 'COMPLETED'),
(1796, '2025-05-22 00:00:00', '24090032', '24090038', 432000, '1', '', '24090038202505221200', 'COMPLETED'),
(1800, '2025-06-11 00:00:00', '24090032', '24090038', 290000, '3', '', '24090038202506111200', 'COMPLETED'),
(1801, '2025-04-10 00:00:00', '24090032', '24090038', 380000, '3', '', '24090038202504101200', 'COMPLETED'),
(1802, '2025-03-10 00:00:00', '24090032', '24090038', 350000, '2', '', '24090038202503101200', 'COMPLETED'),
(1822, '2025-08-05 00:00:00', '24090006', '24090038', 732500, '1', '', '24090038202508051200', 'COMPLETED'),
(1827, '2025-06-21 00:00:00', '24090006', '24090038', 123500, '1', '', '24090038202506211200', 'COMPLETED'),
(1833, '2025-08-19 00:00:00', '24090006', '24090038', 292500, '1', '', '24090038202508191200', 'COMPLETED'),
(1835, '2025-09-25 00:00:00', '24090006', '24090038', 178000, '1', '', '24090038202509251200', 'COMPLETED'),
(1854, '2025-10-20 00:00:00', '24090006', '24090038', 104500, '1', '', '24090038202510201200', 'COMPLETED');
INSERT INTO `orders` (`ORDER_ID`, `ORDER_DATE`, `CUST_ID`, `USER_ID`, `TOTAL`, `METHOD_ID`, `BANK_TRANS`, `RECEIPT_NUMBER`, `ORDER_STATUS`) VALUES
(1855, '2025-10-07 00:00:00', '24090045', '24090056', 3500, '1', '', '24090056202510071200', 'COMPLETED'),
(1861, '2025-07-09 00:00:00', '24090113', '24090131', 64000, '1', '', '24090131202507091200', 'COMPLETED'),
(1865, '2025-07-21 00:00:00', '24090113', '24090131', 90000, '2', '', '24090131202507211200', 'COMPLETED'),
(1883, '2025-08-02 00:00:00', '24090113', '24090131', 100000, '2', '', '24090131202508021200', 'COMPLETED'),
(1884, '2025-08-23 00:00:00', '24090113', '24090131', 70000, '1', '', '24090131202508231200', 'COMPLETED'),
(1887, '2025-09-02 00:00:00', '24090113', '24090131', 48800, '2', '', '24090131202509021200', 'COMPLETED'),
(1891, '2025-09-19 00:00:00', '24090113', '24090131', 93000, '1', '', '24090131202509191200', 'COMPLETED'),
(1929, '2025-10-14 00:00:00', '24090113', '24090131', 58000, '2', '', '24090131202510141200', 'COMPLETED'),
(1948, '2025-09-20 00:00:00', '24090014', '24090038', 500000, '3', '', '24090038202509201200', 'COMPLETED'),
(1951, '2025-05-28 00:00:00', '24090014', '24090038', 1205000, '3', '', '24090038202505281200', 'COMPLETED'),
(1963, '2025-07-22 00:00:00', '24090014', '24090038', 140000, '2', '', '24090038202507221200', 'COMPLETED'),
(1964, '2025-10-16 00:00:00', '24090014', '24090038', 84000, '1', '', '24090038202510161200', 'COMPLETED'),
(1965, '2025-07-24 00:00:00', '24090014', '24090038', 630000, '2', '', '24090038202507241200', 'COMPLETED'),
(1968, '2025-06-30 00:00:00', '24090014', '24090038', 525000, '1', '', '24090038202506031200', 'COMPLETED'),
(1983, '2025-08-22 00:00:00', '24090118', '24090131', 96000, '1', '', '24090131202508221200', 'COMPLETED'),
(1985, '2025-08-24 00:00:00', '24090118', '24090131', 105000, '1', '', '24090131202508241200', 'COMPLETED'),
(2042, '2025-09-04 00:00:00', '24090123', '24090131', 23000, '3', '', '24090131202509041200', 'COMPLETED'),
(2063, '2025-03-24 00:00:00', '24090074', '24090138', 515000, '2', '', '24090138202503241200', 'COMPLETED'),
(2064, '2025-04-24 00:00:00', '24090074', '24090138', 407000, '2', '', '24090138202504241200', 'COMPLETED'),
(2065, '2025-07-28 00:00:00', '24090074', '24090138', 129000, '2', '', '24090138202507281200', 'COMPLETED'),
(2066, '2025-07-26 00:00:00', '24090074', '24090138', 250900, '2', '', '24090138202507261200', 'COMPLETED'),
(2068, '2025-07-12 00:00:00', '24090074', '24090138', 47500, '2', '', '24090138202507121200', 'COMPLETED'),
(2081, '2025-02-20 00:00:00', '24090074', '24090138', 471000, '1', '', '24090138202502201200', 'COMPLETED'),
(2082, '2025-05-28 00:00:00', '24090074', '24090138', 775000, '2', '', '24090138202505281200', 'COMPLETED'),
(2083, '2025-06-29 00:00:00', '24090074', '24090138', 400000, '2', '', '24090138202506291200', 'COMPLETED'),
(2091, '2025-07-01 00:00:00', '24090074', '24090138', 25000, '1', '', '24090138202507011200', 'COMPLETED'),
(2145, '2025-11-07 00:00:00', '24090011', '24090038', 606600, '2', '', '24090038202511071200', 'COMPLETED'),
(2149, '2025-10-10 00:00:00', '24090011', '24090038', 421500, '1', '', '24090038202410101200', 'COMPLETED'),
(2150, '2025-09-19 00:00:00', '24090011', '24090038', 686000, '3', '', '24090038202509191200', 'COMPLETED'),
(2152, '2025-07-27 00:00:00', '24090011', '24090038', 80000, '1', '', '24090038202411081200', 'COMPLETED'),
(2153, '2025-08-15 00:00:00', '24090011', '24090038', 110000, '2', '', '24090038202411231200', 'COMPLETED'),
(2156, '2025-11-01 00:00:00', '24090011', '24090038', 36000, '3', '', '24090038202411221200', 'COMPLETED'),
(2172, '2025-10-14 00:00:00', '24090011', '24090038', 290000, '1', '', '24090038202411151200', 'COMPLETED'),
(2174, '2025-09-22 00:00:00', '24090011', '24090038', 8000, '1', '', '24090038202411161200', 'COMPLETED'),
(2181, '2025-10-04 00:00:00', '24090023', '24090056', 490900, '1', '', '24090056202510041200', 'COMPLETED'),
(2182, '2025-09-06 00:00:00', '24090023', '24090056', 149900, '1', '', '24090056202509061200', 'COMPLETED'),
(2183, '2025-07-05 00:00:00', '24090023', '24090056', 253000, '1', '', '24090056202507051200', 'COMPLETED'),
(2184, '2025-10-11 00:00:00', '24090023', '24090056', 258000, '1', '', '24090056202510111200', 'COMPLETED'),
(2190, '2025-06-10 00:00:00', '24090108', '24090131', 45000, '1', '', '24090131202506101200', 'COMPLETED'),
(2192, '2025-06-23 00:00:00', '24090108', '24090131', 55000, '2', '', '24090131202506231200', 'COMPLETED'),
(2197, '2025-07-12 00:00:00', '24090108', '24090131', 1000000, '2', '', '24090131202507121200', 'COMPLETED'),
(2201, '2025-08-02 00:00:00', '24090023', '24090056', 230000, '1', '', '24090056202508021200', 'COMPLETED'),
(2202, '2025-06-07 00:00:00', '24090023', '24090056', 212904, '1', '', '24090056202506071200', 'COMPLETED'),
(2203, '2025-09-13 00:00:00', '24090023', '24090056', 150375, '1', '', '24090056202509131200', 'COMPLETED'),
(2205, '2025-08-09 00:00:00', '24090023', '24090056', 218100, '1', '', '24090056202508091200', 'COMPLETED'),
(2208, '2025-08-07 00:00:00', '24090023', '24090056', 187000, '1', '', '24090056202508071200', 'COMPLETED'),
(2222, '2025-07-25 00:00:00', '24090108', '24090131', 100000, '3', '', '24090131202507251200', 'COMPLETED'),
(2228, '2025-07-02 00:00:00', '24090108', '24090131', 540000, '3', '', '24090131202507021200', 'COMPLETED'),
(2241, '2025-10-02 00:00:00', '24090039', '24090056', 2875000, '3', '', '24090056202510021200', 'COMPLETED'),
(2262, '2025-09-05 00:00:00', '24090039', '24090056', 2975000, '3', '', '24090056202509051200', 'COMPLETED'),
(2263, '2025-10-06 00:00:00', '24090039', '24090056', 2584020, '2', '', '24090056202510061200', 'COMPLETED'),
(2264, '2025-10-08 00:00:00', '24090039', '24090056', 0, '1', '', '24090056202510081200', 'COMPLETED');

-- --------------------------------------------------------

--
-- Struktur dari tabel `order_details`
--

CREATE TABLE `order_details` (
  `QTY` int(11) NOT NULL DEFAULT 1,
  `PRICE_AT_PURCHASE` decimal(15,2) NOT NULL DEFAULT 0.00,
  `SUBTOTAL` decimal(15,2) NOT NULL DEFAULT 0.00,
  `PRICE` int(11) NOT NULL,
  `ORDER_ID` int(11) NOT NULL,
  `PRODUCT_ID` int(11) NOT NULL
) ENGINE=InnoDB DEFAULT CHARSET=utf8mb4 COLLATE=utf8mb4_general_ci;

--
-- Dumping data untuk tabel `order_details`
--

INSERT INTO `order_details` (`QTY`, `PRICE_AT_PURCHASE`, `SUBTOTAL`, `PRICE`, `ORDER_ID`, `PRODUCT_ID`) VALUES
(1, 114000.00, 114000.00, 114000, 81, 2318),
(1, 10000.00, 10000.00, 10000, 81, 2521),
(1, 100000.00, 100000.00, 100000, 104, 2710),
(5, 75000.00, 375000.00, 75000, 181, 2157),
(3, 10000.00, 30000.00, 10000, 202, 2401),
(1, 35000.00, 35000.00, 35000, 202, 2562),
(1, 70000.00, 70000.00, 70000, 206, 2170),
(2, 180000.00, 360000.00, 180000, 206, 2347),
(5, 7000.00, 35000.00, 7000, 206, 2350),
(1, 4000.00, 4000.00, 4000, 224, 2186),
(5, 95000.00, 475000.00, 95000, 224, 2304),
(5, 86000.00, 430000.00, 86000, 224, 2425),
(5, 4000.00, 20000.00, 4000, 224, 2477),
(5, 14300.00, 71500.00, 14300, 224, 2569),
(5, 210000.00, 1050000.00, 210000, 224, 2620),
(5, 10000.00, 50000.00, 10000, 224, 2640),
(5, 23000.00, 115000.00, 23000, 224, 2664),
(5, 18500.00, 92500.00, 18500, 230, 2185),
(2, 157000.00, 314000.00, 157000, 230, 2370),
(2, 20000.00, 40000.00, 20000, 230, 2511),
(3, 210000.00, 630000.00, 210000, 230, 2620),
(5, 27000.00, 135000.00, 27000, 230, 2682),
(3, 74404.00, 223212.00, 74404, 230, 2781),
(1, 120000.00, 120000.00, 120000, 232, 2175),
(2, 18000.00, 36000.00, 18000, 232, 2434),
(1, 7000.00, 7000.00, 7000, 232, 2437),
(3, 10000.00, 30000.00, 10000, 232, 2670),
(1, 11000.00, 11000.00, 110000, 234, 2469),
(2, 110000.00, 220000.00, 110000, 234, 2536),
(3, 48000.00, 144000.00, 48000, 234, 2577),
(2, 7000.00, 14000.00, 7000, 251, 2360),
(1, 15000.00, 15000.00, 15000, 251, 2364),
(5, 29000.00, 145000.00, 29000, 251, 2515),
(5, 3500.00, 17500.00, 3500, 251, 2563),
(3, 11000.00, 33000.00, 11000, 251, 2680),
(2, 225000.00, 450000.00, 225000, 252, 2220),
(5, 120000.00, 600000.00, 120000, 254, 2175),
(5, 3500.00, 17500.00, 3500, 254, 2190),
(5, 95000.00, 475000.00, 95000, 254, 2231),
(5, 59900.00, 299500.00, 59900, 254, 2429),
(5, 3000.00, 15000.00, 3000, 254, 2496),
(5, 14000.00, 70000.00, 14000, 254, 2739),
(5, 120000.00, 600000.00, 120000, 258, 2175),
(5, 175000.00, 875000.00, 175000, 258, 2226),
(5, 5500.00, 27500.00, 5500, 258, 2302),
(5, 2000.00, 10000.00, 2000, 258, 2384),
(2, 10000.00, 20000.00, 10000, 258, 2401),
(1, 30000.00, 30000.00, 30000, 258, 2503),
(1, 23000.00, 23000.00, 23000, 258, 2532),
(3, 6600.00, 19800.00, 6600, 258, 2627),
(5, 20000.00, 100000.00, 20000, 258, 2631),
(2, 75000.00, 150000.00, 75000, 258, 2716),
(2, 75000.00, 150000.00, 75000, 261, 2157),
(2, 175000.00, 350000.00, 175000, 261, 2226),
(1, 130000.00, 130000.00, 130000, 261, 2249),
(5, 10000.00, 50000.00, 10000, 261, 2254),
(5, 9000.00, 45000.00, 9000, 261, 2275),
(5, 30000.00, 150000.00, 30000, 261, 2527),
(2, 135000.00, 270000.00, 135000, 261, 2612),
(5, 16000.00, 80000.00, 16000, 261, 2615),
(5, 45000.00, 225000.00, 45000, 261, 2642),
(2, 100000.00, 200000.00, 100000, 261, 2714),
(2, 55000.00, 110000.00, 55000, 262, 2161),
(3, 59900.00, 179700.00, 59900, 262, 2429),
(5, 2000.00, 10000.00, 2000, 263, 2241),
(5, 6000.00, 30000.00, 6000, 263, 2340),
(5, 10000.00, 50000.00, 10000, 263, 2401),
(5, 2500.00, 12500.00, 2500, 263, 2419),
(2, 20000.00, 40000.00, 20000, 263, 2476),
(5, 15000.00, 75000.00, 15000, 263, 2487),
(3, 12000.00, 36000.00, 12000, 263, 2662),
(3, 17000.00, 51000.00, 17000, 263, 2713),
(5, 100000.00, 500000.00, 100000, 263, 2714),
(5, 22000.00, 110000.00, 22000, 263, 2763),
(5, 120000.00, 600000.00, 120000, 277, 2175),
(1, 16000.00, 16000.00, 16000, 277, 2253),
(1, 6500.00, 6500.00, 6500, 277, 2267),
(1, 150000.00, 150000.00, 150000, 277, 2270),
(1, 9500.00, 9500.00, 9500, 277, 2278),
(5, 45000.00, 225000.00, 45000, 277, 2299),
(1, 15000.00, 15000.00, 15000, 277, 2364),
(1, 20000.00, 20000.00, 20000, 277, 2476),
(1, 12000.00, 12000.00, 12000, 277, 2604),
(5, 3000.00, 15000.00, 3000, 277, 2727),
(2, 250000.00, 500000.00, 250000, 278, 2732),
(5, 25000.00, 125000.00, 25000, 279, 2555),
(5, 25000.00, 125000.00, 25000, 280, 2132),
(5, 3500.00, 17500.00, 3500, 280, 2563),
(5, 35000.00, 175000.00, 35000, 282, 2610),
(3, 74404.00, 223212.00, 74404, 282, 2781),
(1, 45000.00, 45000.00, 45000, 285, 2642),
(2, 250000.00, 500000.00, 250000, 285, 2732),
(3, 241000.00, 723000.00, 241000, 287, 2300),
(3, 15000.00, 45000.00, 15000, 289, 2391),
(5, 4000.00, 20000.00, 4000, 293, 2148),
(5, 175000.00, 875000.00, 175000, 293, 2226),
(5, 7000.00, 35000.00, 7000, 293, 2360),
(3, 60000.00, 180000.00, 60000, 293, 2403),
(5, 120000.00, 600000.00, 120000, 297, 2175),
(5, 4000.00, 20000.00, 4000, 297, 2477),
(5, 60000.00, 300000.00, 60000, 300, 2167),
(1, 250000.00, 250000.00, 250000, 304, 2484),
(5, 4500.00, 22500.00, 4500, 304, 2519),
(3, 10000.00, 30000.00, 10000, 304, 2640),
(5, 65000.00, 325000.00, 65000, 304, 2733),
(1, 10000.00, 10000.00, 10000, 310, 2198),
(2, 10000.00, 20000.00, 10000, 310, 2401),
(1, 250000.00, 250000.00, 250000, 310, 2484),
(5, 3000.00, 15000.00, 3000, 310, 2496),
(1, 23000.00, 23000.00, 23000, 310, 2532),
(1, 100000.00, 100000.00, 100000, 311, 2710),
(2, 86000.00, 172000.00, 86000, 317, 2425),
(5, 120000.00, 600000.00, 120000, 319, 2175),
(2, 90000.00, 180000.00, 90000, 319, 2263),
(5, 9000.00, 45000.00, 9000, 319, 2275),
(2, 120000.00, 240000.00, 120000, 320, 2175),
(1, 175000.00, 175000.00, 175000, 320, 2226),
(5, 10000.00, 50000.00, 10000, 320, 2290),
(3, 40000.00, 120000.00, 40000, 320, 2404),
(1, 15000.00, 15000.00, 15000, 320, 2430),
(2, 95000.00, 190000.00, 95000, 322, 2231),
(2, 19000.00, 38000.00, 19000, 322, 2400),
(1, 35000.00, 35000.00, 35000, 322, 2562),
(1, 241000.00, 241000.00, 241000, 324, 2300),
(2, 120000.00, 240000.00, 120000, 325, 2175),
(5, 3500.00, 17500.00, 3500, 325, 2182),
(2, 49900.00, 99800.00, 49900, 325, 2405),
(5, 250000.00, 1250000.00, 250000, 327, 2484),
(3, 100000.00, 300000.00, 100000, 327, 2710),
(1, 70000.00, 70000.00, 70000, 328, 2255),
(1, 110000.00, 110000.00, 110000, 328, 2413),
(2, 100000.00, 200000.00, 100000, 328, 2714),
(5, 12000.00, 60000.00, 12000, 333, 2232),
(2, 100000.00, 200000.00, 100000, 333, 2710),
(5, 10000.00, 50000.00, 10000, 334, 2401),
(5, 29000.00, 145000.00, 29000, 334, 2515),
(5, 50000.00, 250000.00, 50000, 336, 2207),
(2, 53000.00, 106000.00, 53000, 336, 2336),
(2, 110000.00, 220000.00, 110000, 336, 2494),
(5, 17000.00, 85000.00, 17000, 336, 2498),
(3, 135000.00, 405000.00, 135000, 336, 2612),
(2, 210000.00, 420000.00, 210000, 336, 2620),
(5, 23000.00, 115000.00, 23000, 336, 2639),
(5, 175000.00, 875000.00, 175000, 337, 2226),
(1, 52500.00, 52500.00, 52500, 338, 2277),
(3, 1100.00, 3300.00, 1100, 338, 2407),
(5, 3500.00, 17500.00, 3500, 338, 2466),
(1, 7500.00, 7500.00, 7500, 338, 2566),
(2, 23000.00, 46000.00, 23000, 338, 2705),
(2, 25000.00, 50000.00, 25000, 338, 2765),
(5, 120000.00, 600000.00, 120000, 341, 2175),
(4, 28000.00, 112000.00, 28000, 341, 2187),
(4, 15000.00, 60000.00, 15000, 341, 2338),
(4, 23000.00, 92000.00, 23000, 341, 2532),
(5, 17000.00, 85000.00, 17000, 341, 2713),
(2, 53000.00, 106000.00, 53000, 343, 2336),
(4, 63000.00, 252000.00, 63000, 343, 2432),
(5, 23000.00, 115000.00, 23000, 343, 2532),
(1, 28000.00, 28000.00, 28000, 343, 2611),
(5, 45000.00, 225000.00, 45000, 343, 2650),
(4, 28000.00, 112000.00, 28000, 343, 2684),
(1, 120000.00, 120000.00, 120000, 344, 2175),
(5, 3500.00, 17500.00, 3500, 344, 2190),
(1, 210000.00, 210000.00, 210000, 344, 2620),
(5, 50000.00, 250000.00, 50000, 345, 2207),
(2, 17000.00, 34000.00, 17000, 345, 2354),
(5, 3500.00, 17500.00, 3500, 345, 2386),
(1, 45000.00, 45000.00, 45000, 345, 2465),
(1, 200900.00, 200900.00, 200900, 345, 2675),
(1, 9000.00, 9000.00, 9000, 346, 2307),
(2, 3000.00, 6000.00, 3000, 346, 2801),
(1, 20000.00, 20000.00, 20000, 352, 2158),
(1, 18500.00, 18500.00, 18500, 352, 2185),
(3, 17000.00, 51000.00, 17000, 352, 2354),
(5, 10000.00, 50000.00, 10000, 352, 2451),
(5, 11000.00, 55000.00, 11000, 352, 2469),
(1, 23000.00, 23000.00, 23000, 352, 2639),
(5, 118000.00, 590000.00, 118000, 355, 2678),
(1, 120000.00, 120000.00, 120000, 357, 2175),
(5, 50000.00, 250000.00, 50000, 357, 2374),
(2, 50000.00, 100000.00, 50000, 357, 2388),
(5, 7000.00, 35000.00, 7000, 358, 2144),
(5, 25000.00, 125000.00, 25000, 364, 2679),
(2, 53000.00, 106000.00, 53000, 377, 2336),
(2, 20000.00, 40000.00, 20000, 377, 2371),
(1, 74500.00, 74500.00, 74500, 377, 2533),
(1, 100000.00, 100000.00, 100000, 377, 2714),
(1, 30000.00, 30000.00, 30000, 377, 2802),
(5, 250000.00, 1250000.00, 250000, 379, 2732),
(2, 12000.00, 24000.00, 12000, 380, 2232),
(5, 3000.00, 15000.00, 3000, 380, 2496),
(2, 3000.00, 6000.00, 3000, 380, 2508),
(1, 47000.00, 47000.00, 47000, 380, 2523),
(1, 35000.00, 35000.00, 35000, 380, 2686),
(1, 79000.00, 79000.00, 79000, 381, 2183),
(5, 17000.00, 85000.00, 17000, 381, 2248),
(2, 157000.00, 314000.00, 157000, 381, 2370),
(2, 16500.00, 33000.00, 16500, 381, 2464),
(2, 6000.00, 12000.00, 6000, 381, 2493),
(5, 23000.00, 115000.00, 23000, 381, 2532),
(1, 210000.00, 210000.00, 210000, 381, 2620),
(2, 10000.00, 20000.00, 10000, 381, 2647),
(3, 3000.00, 9000.00, 3000, 381, 2801),
(1, 30000.00, 30000.00, 30000, 381, 2802),
(5, 45000.00, 225000.00, 45000, 382, 2660),
(5, 10000.00, 50000.00, 10000, 385, 2522),
(5, 20000.00, 100000.00, 20000, 385, 2637),
(5, 12000.00, 60000.00, 12000, 385, 2662),
(3, 100000.00, 300000.00, 100000, 385, 2714),
(5, 47000.00, 235000.00, 47000, 387, 2523),
(5, 7000.00, 35000.00, 7000, 389, 2360),
(5, 19000.00, 95000.00, 19000, 389, 2400),
(5, 50000.00, 250000.00, 50000, 389, 2457),
(5, 137000.00, 685000.00, 137000, 389, 2492),
(5, 45500.00, 227500.00, 45500, 393, 2368),
(5, 24300.00, 121500.00, 24300, 393, 2766),
(3, 17000.00, 51000.00, 17000, 395, 2248),
(2, 100000.00, 200000.00, 100000, 395, 2714),
(2, 157000.00, 314000.00, 157000, 397, 2370),
(5, 8900.00, 44500.00, 8900, 397, 2687),
(2, 55000.00, 110000.00, 55000, 398, 2151),
(5, 1100.00, 5500.00, 1100, 398, 2407),
(5, 2500.00, 12500.00, 2500, 398, 2419),
(5, 20000.00, 100000.00, 20000, 398, 2511),
(2, 28000.00, 56000.00, 28000, 398, 2611),
(5, 250000.00, 1250000.00, 250000, 421, 2484),
(5, 150000.00, 750000.00, 150000, 515, 2270),
(5, 23000.00, 115000.00, 23000, 515, 2532),
(5, 3500.00, 17500.00, 3500, 528, 2386),
(4, 22000.00, 88000.00, 22000, 528, 2626),
(5, 10000.00, 50000.00, 10000, 535, 2401),
(5, 10000.00, 50000.00, 10000, 535, 2667),
(5, 18000.00, 90000.00, 18000, 535, 2703),
(5, 12000.00, 60000.00, 12000, 540, 2224),
(5, 150000.00, 750000.00, 150000, 541, 2524),
(4, 9000.00, 36000.00, 9000, 561, 2275),
(1, 110000.00, 110000.00, 110000, 561, 2413),
(1, 15000.00, 15000.00, 15000, 561, 2418),
(4, 15000.00, 60000.00, 15000, 561, 2592),
(5, 21000.00, 105000.00, 21000, 562, 2721),
(2, 89000.00, 178000.00, 89000, 563, 2262),
(5, 20000.00, 100000.00, 20000, 563, 2385),
(2, 20000.00, 40000.00, 20000, 563, 2476),
(5, 4000.00, 20000.00, 4000, 566, 2288),
(5, 10000.00, 50000.00, 10000, 566, 2521),
(1, 25000.00, 25000.00, 25000, 566, 2606),
(1, 67000.00, 67000.00, 67000, 566, 2653),
(2, 5000.00, 10000.00, 5000, 566, 2731),
(5, 20000.00, 100000.00, 20000, 570, 2476),
(5, 2000.00, 10000.00, 2000, 572, 2241),
(5, 45000.00, 225000.00, 45000, 572, 2650),
(5, 97000.00, 485000.00, 97000, 576, 2480),
(5, 30000.00, 150000.00, 30000, 579, 2357),
(5, 15000.00, 75000.00, 15000, 579, 2364),
(5, 7500.00, 37500.00, 7500, 579, 2490),
(5, 89000.00, 445000.00, 89000, 581, 2262),
(1, 175000.00, 175000.00, 175000, 584, 2226),
(1, 241000.00, 241000.00, 241000, 584, 2300),
(5, 20000.00, 100000.00, 20000, 584, 2476),
(5, 6500.00, 32500.00, 6500, 585, 2267),
(5, 35000.00, 175000.00, 35000, 585, 2390),
(5, 23000.00, 115000.00, 23000, 586, 2532),
(5, 39000.00, 195000.00, 39000, 586, 2761),
(2, 4000.00, 8000.00, 4000, 592, 2477),
(5, 200000.00, 1000000.00, 200000, 593, 2134),
(4, 23000.00, 92000.00, 23000, 593, 2152),
(4, 65000.00, 260000.00, 65000, 593, 2733),
(5, 12000.00, 60000.00, 12000, 595, 2685),
(4, 28000.00, 112000.00, 28000, 596, 2317),
(5, 6500.00, 32500.00, 6500, 597, 2676),
(3, 110000.00, 330000.00, 110000, 598, 2413),
(1, 150000.00, 150000.00, 150000, 603, 2270),
(1, 45000.00, 45000.00, 45000, 603, 2465),
(1, 135000.00, 135000.00, 135000, 603, 2612),
(3, 23000.00, 69000.00, 23000, 604, 2532),
(5, 50000.00, 250000.00, 50000, 605, 2491),
(5, 25000.00, 125000.00, 25000, 605, 2544),
(3, 12000.00, 36000.00, 12000, 608, 2685),
(5, 7500.00, 37500.00, 7500, 608, 2699),
(5, 40000.00, 200000.00, 40000, 620, 2616),
(1, 10000.00, 10000.00, 10000, 621, 2197),
(5, 2500.00, 12500.00, 2500, 622, 2181),
(5, 32000.00, 160000.00, 32000, 622, 2609),
(1, 15000.00, 15000.00, 15000, 624, 2364),
(3, 35000.00, 105000.00, 35000, 625, 2184),
(1, 15000.00, 15000.00, 15000, 625, 2199),
(2, 9000.00, 18000.00, 9000, 625, 2275),
(5, 4000.00, 20000.00, 4000, 629, 2279),
(5, 10000.00, 50000.00, 10000, 629, 2521),
(5, 22000.00, 110000.00, 22000, 641, 2171),
(1, 250000.00, 250000.00, 250000, 641, 2205),
(1, 150000.00, 150000.00, 150000, 641, 2270),
(1, 95000.00, 95000.00, 95000, 641, 2304),
(1, 21000.00, 21000.00, 21000, 641, 2617),
(3, 150000.00, 450000.00, 150000, 642, 2270),
(5, 2000.00, 10000.00, 2000, 643, 2241),
(2, 225000.00, 450000.00, 225000, 644, 2220),
(5, 15000.00, 75000.00, 15000, 675, 2364),
(5, 35500.00, 177500.00, 35500, 675, 2570),
(5, 59900.00, 299500.00, 59900, 676, 2429),
(5, 3500.00, 17500.00, 3500, 679, 2182),
(5, 7000.00, 35000.00, 7000, 679, 2264),
(1, 137000.00, 137000.00, 137000, 679, 2492),
(1, 70000.00, 70000.00, 70000, 691, 2255),
(5, 1000.00, 5000.00, 1000, 698, 2289),
(3, 25000.00, 75000.00, 25000, 698, 2597),
(1, 98000.00, 98000.00, 98000, 699, 2332),
(1, 25000.00, 25000.00, 25000, 701, 2555),
(1, 8000.00, 8000.00, 8000, 704, 2482),
(5, 9500.00, 47500.00, 9500, 715, 2278),
(5, 20000.00, 100000.00, 20000, 721, 2323),
(5, 9500.00, 47500.00, 9500, 721, 2764),
(2, 20000.00, 40000.00, 20000, 727, 2371),
(1, 200000.00, 200000.00, 200000, 776, 2134),
(2, 20000.00, 40000.00, 20000, 776, 2154),
(5, 11000.00, 55000.00, 11000, 777, 2325),
(2, 7500.00, 15000.00, 7500, 779, 2699),
(2, 97000.00, 194000.00, 97000, 787, 2480),
(1, 31899.00, 31899.00, 31899, 790, 2556),
(3, 2000.00, 6000.00, 2000, 795, 2241),
(5, 10000.00, 50000.00, 10000, 797, 2521),
(1, 50000.00, 50000.00, 50000, 798, 2374),
(5, 86000.00, 430000.00, 86000, 798, 2425),
(1, 100000.00, 100000.00, 100000, 803, 2710),
(5, 5000.00, 25000.00, 5000, 806, 2630),
(3, 100000.00, 300000.00, 100000, 806, 2710),
(5, 2500.00, 12500.00, 2500, 807, 2419),
(5, 25000.00, 125000.00, 25000, 808, 2555),
(2, 2500.00, 5000.00, 2000, 811, 2419),
(1, 50000.00, 50000.00, 50000, 811, 2491),
(2, 10000.00, 20000.00, 10000, 817, 2522),
(2, 10000.00, 20000.00, 10000, 817, 2647),
(4, 10000.00, 40000.00, 10000, 818, 2521),
(1, 9500.00, 9500.00, 9500, 819, 2278),
(2, 20000.00, 40000.00, 20000, 819, 2314),
(5, 2000.00, 10000.00, 2000, 821, 2241),
(3, 4000.00, 12000.00, 4000, 827, 2279),
(2, 2000.00, 4000.00, 2000, 827, 2384),
(2, 75000.00, 150000.00, 75000, 828, 2157),
(5, 20000.00, 100000.00, 20000, 829, 2314),
(5, 180000.00, 900000.00, 180000, 829, 2347),
(5, 1000.00, 5000.00, 1000, 833, 2273),
(5, 4100.00, 20500.00, 4100, 833, 2456),
(5, 35500.00, 177500.00, 35500, 833, 2570),
(5, 13000.00, 65000.00, 13000, 833, 2668),
(5, 7000.00, 35000.00, 7000, 849, 2264),
(2, 150000.00, 300000.00, 150000, 849, 2270),
(5, 12000.00, 60000.00, 12000, 849, 2454),
(2, 135000.00, 270000.00, 135000, 849, 2612),
(3, 24300.00, 72900.00, 24300, 849, 2766),
(4, 25000.00, 100000.00, 25000, 850, 2132),
(2, 130000.00, 260000.00, 130000, 850, 2249),
(2, 241000.00, 482000.00, 241000, 850, 2300),
(5, 28000.00, 140000.00, 28000, 850, 2317),
(5, 29000.00, 145000.00, 29000, 850, 2515),
(5, 8000.00, 40000.00, 8000, 853, 2166),
(5, 15000.00, 75000.00, 15000, 853, 2364),
(5, 48000.00, 240000.00, 48000, 853, 2674),
(5, 25000.00, 125000.00, 25000, 854, 2377),
(5, 110000.00, 550000.00, 110000, 854, 2536),
(5, 175000.00, 875000.00, 175000, 857, 2226),
(5, 4000.00, 20000.00, 4000, 857, 2288),
(5, 10000.00, 50000.00, 10000, 857, 2401),
(5, 5000.00, 25000.00, 5000, 857, 2479),
(5, 50000.00, 250000.00, 50000, 857, 2491),
(5, 3000.00, 15000.00, 3000, 857, 2516),
(5, 10000.00, 50000.00, 10000, 857, 2521),
(5, 210000.00, 1050000.00, 210000, 857, 2620),
(5, 5000.00, 25000.00, 5000, 857, 2649),
(5, 89000.00, 445000.00, 89000, 859, 2262),
(5, 12000.00, 60000.00, 12000, 862, 2224),
(1, 20000.00, 20000.00, 20000, 862, 2476),
(5, 3000.00, 15000.00, 3000, 862, 2496),
(5, 35500.00, 177500.00, 35500, 862, 2570),
(5, 12000.00, 60000.00, 12000, 862, 2604),
(1, 210000.00, 210000.00, 210000, 862, 2620),
(3, 25000.00, 75000.00, 25000, 863, 2132),
(5, 20500.00, 102500.00, 20500, 863, 2286),
(5, 15000.00, 75000.00, 15000, 863, 2430),
(5, 13000.00, 65000.00, 13000, 863, 2525),
(3, 12000.00, 36000.00, 12000, 863, 2589),
(3, 120000.00, 360000.00, 120000, 864, 2175),
(2, 34000.00, 68000.00, 34000, 864, 2202),
(3, 12000.00, 36000.00, 12000, 864, 2589),
(2, 15000.00, 30000.00, 15000, 864, 2720),
(5, 4000.00, 20000.00, 4000, 867, 2478),
(5, 5000.00, 25000.00, 5000, 867, 2658),
(5, 28000.00, 140000.00, 28000, 876, 2143),
(5, 9500.00, 47500.00, 9500, 876, 2278),
(5, 2000.00, 10000.00, 2000, 876, 2297),
(5, 25000.00, 125000.00, 25000, 876, 2377),
(5, 8000.00, 40000.00, 8000, 876, 2409),
(5, 5000.00, 25000.00, 5000, 876, 2479),
(5, 7500.00, 37500.00, 7500, 876, 2490),
(5, 6000.00, 30000.00, 6000, 876, 2645),
(5, 32000.00, 160000.00, 32000, 876, 2666),
(5, 65000.00, 325000.00, 65000, 876, 2733),
(5, 50000.00, 250000.00, 50000, 877, 2207),
(5, 3000.00, 15000.00, 3000, 877, 2218),
(5, 15000.00, 75000.00, 15000, 877, 2356),
(5, 4000.00, 20000.00, 4000, 877, 2363),
(5, 22000.00, 110000.00, 22000, 877, 2406),
(5, 5000.00, 25000.00, 5000, 877, 2479),
(5, 10000.00, 50000.00, 10000, 877, 2537),
(5, 12000.00, 60000.00, 12000, 877, 2540),
(5, 23000.00, 115000.00, 23000, 877, 2639),
(5, 6000.00, 30000.00, 6000, 877, 2782),
(5, 9500.00, 47500.00, 9500, 878, 2278),
(2, 10900.00, 21800.00, 10900, 878, 2607),
(2, 210000.00, 420000.00, 210000, 878, 2620),
(5, 60000.00, 300000.00, 60000, 878, 2628),
(3, 210000.00, 630000.00, 210000, 887, 2620),
(4, 13000.00, 52000.00, 13000, 890, 2138),
(3, 95000.00, 285000.00, 95000, 890, 2231),
(3, 9000.00, 27000.00, 9000, 890, 2275),
(5, 8000.00, 40000.00, 8000, 890, 2373),
(4, 12000.00, 48000.00, 12000, 890, 2589),
(1, 2000.00, 2000.00, 2000, 897, 2241),
(5, 30000.00, 150000.00, 30000, 897, 2503),
(1, 6880.00, 6880.00, 6880, 897, 2618),
(5, 10000.00, 50000.00, 10000, 897, 2667),
(3, 200900.00, 602700.00, 200900, 897, 2675),
(4, 24000.00, 96000.00, 24000, 905, 2393),
(5, 28000.00, 140000.00, 28000, 905, 2611),
(5, 100000.00, 500000.00, 100000, 905, 2714),
(5, 65000.00, 325000.00, 65000, 905, 2733),
(2, 15000.00, 30000.00, 15000, 917, 2487),
(5, 50000.00, 250000.00, 50000, 917, 2491),
(3, 32000.00, 96000.00, 32000, 917, 2609),
(5, 28000.00, 140000.00, 28000, 917, 2611),
(5, 8900.00, 44500.00, 8900, 917, 2687),
(5, 19000.00, 95000.00, 5000, 928, 2646),
(5, 95000.00, 475000.00, 95000, 929, 2304),
(3, 90000.00, 270000.00, 90000, 930, 2206),
(5, 157000.00, 785000.00, 157000, 930, 2370),
(5, 135000.00, 675000.00, 135000, 930, 2612),
(5, 15000.00, 75000.00, 15000, 930, 2700),
(1, 110000.00, 110000.00, 110000, 931, 2536),
(2, 210000.00, 420000.00, 210000, 931, 2620),
(3, 145000.00, 435000.00, 145000, 932, 2235),
(5, 10000.00, 50000.00, 10000, 932, 2401),
(5, 15000.00, 75000.00, 15000, 932, 2418),
(5, 8000.00, 40000.00, 8000, 932, 2539),
(5, 46000.00, 230000.00, 46000, 932, 2573),
(2, 135000.00, 270000.00, 135000, 932, 2612),
(2, 15000.00, 30000.00, 40000, 934, 2233),
(3, 41800.00, 125400.00, 41800, 934, 2702),
(2, 14000.00, 28000.00, 14000, 934, 2739),
(2, 10000.00, 20000.00, 10000, 935, 2640),
(5, 23000.00, 115000.00, 23000, 948, 2294),
(5, 24000.00, 120000.00, 24000, 948, 2393),
(5, 6000.00, 30000.00, 6000, 956, 2225),
(5, 12300.00, 61500.00, 12300, 956, 2238),
(4, 48000.00, 192000.00, 48000, 956, 2577),
(5, 30000.00, 150000.00, 30000, 956, 2701),
(5, 75000.00, 375000.00, 75000, 958, 2157),
(4, 12000.00, 48000.00, 12000, 958, 2589),
(2, 70000.00, 140000.00, 70000, 959, 2170),
(5, 175000.00, 875000.00, 175000, 959, 2226),
(5, 7000.00, 35000.00, 7000, 959, 2360),
(5, 20000.00, 100000.00, 20000, 959, 2367),
(5, 25000.00, 125000.00, 25000, 959, 2504),
(5, 23000.00, 115000.00, 23000, 959, 2532),
(3, 210000.00, 630000.00, 210000, 959, 2620),
(2, 60000.00, 120000.00, 60000, 959, 2628),
(4, 41800.00, 167200.00, 41800, 959, 2702),
(5, 100000.00, 500000.00, 100000, 959, 2714),
(1, 114000.00, 114000.00, 114000, 963, 2318),
(2, 70000.00, 140000.00, 70000, 965, 2170),
(1, 16500.00, 16500.00, 16500, 965, 2464),
(1, 40000.00, 40000.00, 40000, 965, 2616),
(1, 25000.00, 25000.00, 25000, 965, 2726),
(1, 23000.00, 23000.00, 23000, 966, 2152),
(5, 9000.00, 45000.00, 9000, 968, 2275),
(5, 25000.00, 125000.00, 25000, 968, 2316),
(5, 47000.00, 235000.00, 47000, 968, 2387),
(4, 60000.00, 240000.00, 60000, 970, 2628),
(2, 29000.00, 58000.00, 29000, 972, 2215),
(2, 45000.00, 90000.00, 45000, 972, 2299),
(2, 63000.00, 126000.00, 63000, 972, 2432),
(3, 18000.00, 54000.00, 18000, 972, 2434),
(2, 200900.00, 401800.00, 200900, 972, 2675),
(2, 28000.00, 56000.00, 28000, 974, 2143),
(5, 50000.00, 250000.00, 50000, 974, 2457),
(2, 15000.00, 30000.00, 15000, 974, 2483),
(5, 175000.00, 875000.00, 175000, 975, 2226),
(3, 53000.00, 159000.00, 53000, 975, 2336),
(5, 7000.00, 35000.00, 7000, 977, 2360),
(1, 210000.00, 210000.00, 210000, 977, 2620),
(3, 5000.00, 15000.00, 5000, 978, 2200),
(4, 47000.00, 188000.00, 47000, 978, 2387),
(1, 5000.00, 5000.00, 5000, 978, 2479),
(3, 47000.00, 141000.00, 47000, 978, 2523),
(5, 7000.00, 35000.00, 7000, 979, 2360),
(3, 28000.00, 84000.00, 28000, 983, 2317),
(2, 7000.00, 14000.00, 7000, 983, 2437),
(2, 15000.00, 30000.00, 15000, 983, 2483),
(1, 28000.00, 28000.00, 28000, 983, 2611),
(2, 45000.00, 90000.00, 45000, 984, 2188),
(5, 39000.00, 195000.00, 39000, 984, 2761),
(5, 4000.00, 20000.00, 4000, 985, 2279),
(5, 10000.00, 50000.00, 10000, 985, 2640),
(5, 20000.00, 100000.00, 20000, 986, 2631),
(5, 15000.00, 75000.00, 15000, 987, 2528),
(3, 34000.00, 102000.00, 34000, 989, 2202),
(3, 95000.00, 285000.00, 95000, 989, 2231),
(5, 9100.00, 45500.00, 9100, 989, 2237),
(2, 20000.00, 40000.00, 20000, 989, 2371),
(5, 17500.00, 87500.00, 17500, 989, 2372),
(5, 3000.00, 15000.00, 3000, 989, 2397),
(3, 32500.00, 97500.00, 32500, 989, 2424),
(5, 7000.00, 35000.00, 7000, 989, 2635),
(3, 13000.00, 39000.00, 13000, 989, 2724),
(1, 3000.00, 3000.00, 3000, 990, 2397),
(1, 52500.00, 52500.00, 52500, 991, 2277),
(2, 17000.00, 34000.00, 17000, 991, 2354),
(5, 12000.00, 60000.00, 12000, 991, 2589),
(5, 4000.00, 20000.00, 4000, 995, 2186),
(5, 10000.00, 50000.00, 10000, 995, 2198),
(5, 10000.00, 50000.00, 10000, 995, 2401),
(5, 250000.00, 1250000.00, 250000, 995, 2484),
(2, 25000.00, 50000.00, 25000, 995, 2555),
(4, 10000.00, 40000.00, 10000, 995, 2647),
(5, 5000.00, 25000.00, 5000, 997, 2200),
(5, 67000.00, 335000.00, 67000, 997, 2653),
(5, 75000.00, 375000.00, 75000, 998, 2157),
(5, 90000.00, 450000.00, 90000, 998, 2263),
(5, 17000.00, 85000.00, 17000, 998, 2354),
(5, 10000.00, 50000.00, 10000, 998, 2667),
(5, 5000.00, 25000.00, 5000, 999, 2268),
(5, 23400.00, 117000.00, 23400, 999, 2598),
(5, 98000.00, 490000.00, 98000, 1001, 2332),
(5, 3500.00, 17500.00, 7500, 1002, 2386),
(5, 7500.00, 37500.00, 7500, 1002, 2566),
(2, 23000.00, 46000.00, 23000, 1004, 2152),
(3, 50000.00, 150000.00, 50000, 1005, 2207),
(5, 22000.00, 110000.00, 22000, 1005, 2626),
(5, 12000.00, 60000.00, 12000, 1005, 2662),
(2, 250000.00, 500000.00, 250000, 1005, 2732),
(2, 12000.00, 24000.00, 12000, 1006, 2232),
(2, 4000.00, 8000.00, 4000, 1006, 2288),
(3, 8000.00, 24000.00, 8000, 1006, 2509),
(2, 47000.00, 94000.00, 47000, 1013, 2523),
(1, 19000.00, 19000.00, 19000, 1013, 2646),
(1, 23000.00, 23000.00, 23000, 1013, 2664),
(3, 100000.00, 300000.00, 100000, 1013, 2710),
(5, 10000.00, 50000.00, 10000, 1021, 2198),
(5, 7000.00, 35000.00, 7000, 1021, 2264),
(3, 30000.00, 90000.00, 30000, 1021, 2503),
(3, 29000.00, 87000.00, 29000, 1021, 2515),
(5, 20000.00, 100000.00, 20000, 1021, 2557),
(4, 100000.00, 400000.00, 100000, 1021, 2710),
(5, 75000.00, 375000.00, 75000, 1022, 2157),
(5, 20000.00, 100000.00, 20000, 1022, 2637),
(5, 100000.00, 500000.00, 100000, 1022, 2714),
(1, 98000.00, 98000.00, 98000, 1023, 2332),
(2, 12000.00, 24000.00, 12000, 1023, 2540),
(3, 6000.00, 18000.00, 6000, 1023, 2645),
(5, 32000.00, 160000.00, 32000, 1023, 2666),
(3, 6000.00, 18000.00, 6000, 1024, 2330),
(3, 3500.00, 10500.00, 3500, 1024, 2386),
(1, 7000.00, 7000.00, 7000, 1024, 2441),
(2, 10000.00, 20000.00, 10000, 1027, 2521),
(5, 23000.00, 115000.00, 23000, 1027, 2532),
(4, 25000.00, 100000.00, 25000, 1027, 2555),
(1, 74404.00, 74404.00, 74404, 1027, 2781),
(1, 28000.00, 28000.00, 28000, 1040, 2317),
(5, 1000.00, 5000.00, 1000, 1040, 2337),
(4, 2000.00, 8000.00, 2000, 1040, 2431),
(1, 29900.00, 29900.00, 29900, 1040, 2568),
(5, 10000.00, 50000.00, 10000, 1042, 2401),
(5, 15000.00, 75000.00, 15000, 1043, 2199),
(2, 5000.00, 10000.00, 5000, 1043, 2423),
(1, 120000.00, 120000.00, 120000, 1044, 2175),
(2, 50000.00, 100000.00, 50000, 1044, 2374),
(1, 23000.00, 23000.00, 23000, 1044, 2532),
(5, 9000.00, 45000.00, 9000, 1053, 2275),
(5, 9500.00, 47500.00, 9500, 1053, 2278),
(5, 2000.00, 10000.00, 2000, 1054, 2384),
(5, 20000.00, 100000.00, 20000, 1054, 2446),
(5, 10000.00, 50000.00, 10000, 1054, 2521),
(2, 86000.00, 172000.00, 86000, 1054, 2546),
(5, 7000.00, 35000.00, 7000, 1056, 2324),
(3, 15000.00, 45000.00, 15000, 1056, 2364),
(5, 20000.00, 100000.00, 20000, 1056, 2637),
(1, 5000.00, 5000.00, 5000, 1057, 2268),
(4, 118000.00, 472000.00, 118000, 1057, 2678),
(4, 2000.00, 8000.00, 2000, 1062, 2241),
(2, 6000.00, 12000.00, 6000, 1062, 2782),
(5, 25000.00, 125000.00, 25000, 1067, 2132),
(5, 15000.00, 75000.00, 15000, 1067, 2487),
(5, 10000.00, 50000.00, 10000, 1074, 2234),
(5, 3000.00, 15000.00, 3000, 1078, 2397),
(1, 20000.00, 20000.00, 20000, 1078, 2476),
(5, 23000.00, 115000.00, 23000, 1078, 2717),
(5, 29000.00, 145000.00, 29000, 1081, 2215),
(1, 4600.00, 4600.00, 4600, 1084, 2163),
(1, 80000.00, 80000.00, 80000, 1084, 2309),
(1, 45000.00, 45000.00, 45000, 1084, 2313),
(2, 7000.00, 14000.00, 7000, 1084, 2437),
(3, 6000.00, 18000.00, 6000, 1090, 2382),
(1, 20000.00, 20000.00, 20000, 1090, 2421),
(2, 5000.00, 10000.00, 5000, 1090, 2644),
(5, 8900.00, 44500.00, 8900, 1090, 2687),
(1, 11000.00, 11000.00, 11000, 1090, 2709),
(4, 120000.00, 480000.00, 120000, 1094, 2175),
(5, 9000.00, 45000.00, 9000, 1094, 2574),
(2, 86000.00, 172000.00, 86000, 1095, 2425),
(5, 81500.00, 407500.00, 81500, 1096, 2520),
(2, 10000.00, 20000.00, 10000, 1096, 2521),
(2, 15000.00, 30000.00, 15000, 1103, 2364),
(4, 40000.00, 160000.00, 40000, 1104, 2616),
(5, 19000.00, 95000.00, 19000, 1104, 2646),
(3, 3000.00, 9000.00, 3000, 1105, 2496),
(5, 10000.00, 50000.00, 10000, 1107, 2401),
(1, 80000.00, 80000.00, 80000, 1107, 2485),
(4, 23000.00, 92000.00, 23000, 1111, 2152),
(3, 10000.00, 30000.00, 10000, 1111, 2401),
(2, 18000.00, 36000.00, 18000, 1111, 2703),
(5, 50000.00, 250000.00, 50000, 1124, 2491),
(4, 41800.00, 167200.00, 41800, 1124, 2702),
(5, 2000.00, 10000.00, 2000, 1130, 2241),
(5, 29000.00, 145000.00, 29000, 1130, 2515),
(5, 3500.00, 17500.00, 3500, 1130, 2542),
(1, 110000.00, 110000.00, 110000, 1135, 2413),
(1, 50000.00, 50000.00, 50000, 1135, 2457),
(5, 200000.00, 1000000.00, 200000, 1142, 2134),
(3, 15000.00, 45000.00, 15000, 1142, 2364),
(2, 35000.00, 70000.00, 35000, 1142, 2610),
(2, 100000.00, 200000.00, 100000, 1142, 2714),
(5, 13000.00, 65000.00, 13000, 1153, 2740),
(5, 20000.00, 100000.00, 20000, 1156, 2323),
(2, 15000.00, 30000.00, 15000, 1156, 2338),
(5, 10000.00, 50000.00, 10000, 1156, 2564),
(2, 9000.00, 18000.00, 9000, 1160, 2275),
(5, 7500.00, 37500.00, 7500, 1160, 2490),
(1, 30000.00, 30000.00, 30000, 1163, 2503),
(5, 24000.00, 120000.00, 24000, 1164, 2393),
(5, 60000.00, 300000.00, 60000, 1168, 2403),
(1, 10000.00, 10000.00, 10000, 1168, 2521),
(3, 5000.00, 15000.00, 5000, 1172, 2479),
(2, 12000.00, 24000.00, 12000, 1172, 2589),
(4, 9000.00, 36000.00, 9000, 1173, 2275),
(2, 12000.00, 24000.00, 12000, 1178, 2232),
(3, 12000.00, 36000.00, 12000, 1178, 2339),
(2, 9500.00, 19000.00, 9500, 1178, 2613),
(2, 75600.00, 151200.00, 75600, 1179, 2625),
(1, 10000.00, 10000.00, 10000, 1182, 2198),
(4, 45000.00, 180000.00, 45000, 1182, 2320),
(5, 5000.00, 25000.00, 5000, 1182, 2630),
(4, 24300.00, 97200.00, 24300, 1182, 2766),
(2, 17500.00, 35000.00, 17500, 1184, 2192),
(2, 25000.00, 50000.00, 25000, 1184, 2308),
(3, 2500.00, 7500.00, 2500, 1184, 2722),
(1, 23000.00, 23000.00, 23000, 1194, 2152),
(1, 12000.00, 12000.00, 12000, 1194, 2224),
(1, 28000.00, 28000.00, 28000, 1194, 2611),
(4, 11000.00, 44000.00, 11000, 1199, 2287),
(1, 40000.00, 40000.00, 40000, 1199, 2616),
(2, 15000.00, 30000.00, 15000, 1199, 2700),
(2, 95000.00, 190000.00, 95000, 1200, 2231),
(2, 40000.00, 80000.00, 40000, 1200, 2404),
(2, 15000.00, 30000.00, 15000, 1201, 2199),
(1, 10000.00, 10000.00, 10000, 1201, 2571),
(1, 48000.00, 48000.00, 48000, 1201, 2674),
(1, 8000.00, 8000.00, 8000, 1202, 2153),
(1, 18500.00, 18500.00, 18500, 1202, 2185),
(2, 97000.00, 194000.00, 97000, 1202, 2480),
(2, 15000.00, 30000.00, 15000, 1243, 2430),
(2, 81500.00, 163000.00, 81500, 1244, 2520),
(1, 110000.00, 110000.00, 110000, 1244, 2536),
(2, 86000.00, 172000.00, 86000, 1244, 2546),
(1, 41800.00, 41800.00, 41800, 1244, 2702),
(4, 40000.00, 160000.00, 40000, 1248, 2179),
(4, 3500.00, 14000.00, 3500, 1248, 2190),
(2, 89000.00, 178000.00, 89000, 1248, 2262),
(4, 45000.00, 180000.00, 45000, 1248, 2299),
(5, 86000.00, 430000.00, 86000, 1248, 2546),
(1, 120000.00, 120000.00, 120000, 1252, 2211),
(1, 150000.00, 150000.00, 150000, 1252, 2270),
(1, 110000.00, 110000.00, 110000, 1252, 2413),
(1, 86000.00, 86000.00, 86000, 1252, 2425),
(1, 210000.00, 210000.00, 210000, 1252, 2620),
(5, 100000.00, 500000.00, 100000, 1270, 2714),
(5, 5000.00, 25000.00, 5000, 1279, 2209),
(5, 175000.00, 875000.00, 175000, 1300, 2226),
(5, 114000.00, 570000.00, 114000, 1300, 2318),
(5, 110000.00, 550000.00, 110000, 1300, 2413),
(5, 250000.00, 1250000.00, 250000, 1300, 2484),
(3, 23000.00, 69000.00, 23000, 1300, 2532),
(5, 100000.00, 500000.00, 100000, 1300, 2710),
(3, 3000.00, 9000.00, 3000, 1314, 2129),
(2, 50000.00, 100000.00, 50000, 1314, 2207),
(3, 23000.00, 69000.00, 23000, 1314, 2294),
(2, 15000.00, 30000.00, 15000, 1314, 2391),
(1, 23000.00, 23000.00, 23000, 1314, 2532),
(2, 5000.00, 10000.00, 5000, 1316, 2247),
(4, 7000.00, 28000.00, 7000, 1316, 2360),
(3, 18000.00, 54000.00, 18000, 1316, 2434),
(5, 4900.00, 24500.00, 4900, 1316, 2436),
(3, 6000.00, 18000.00, 6000, 1316, 2493),
(3, 6000.00, 18000.00, 6000, 1316, 2575),
(3, 8000.00, 24000.00, 8000, 1316, 2657),
(3, 25000.00, 75000.00, 25000, 1316, 2679),
(5, 24300.00, 121500.00, 24300, 1316, 2766),
(1, 9500.00, 9500.00, 9500, 1317, 2278),
(1, 70000.00, 70000.00, 70000, 1317, 2355),
(2, 7000.00, 14000.00, 7000, 1317, 2360),
(1, 97000.00, 97000.00, 97000, 1317, 2480),
(1, 40000.00, 40000.00, 40000, 1317, 2616),
(1, 25000.00, 25000.00, 25000, 1325, 2331),
(3, 5000.00, 15000.00, 5000, 1325, 2383),
(5, 15000.00, 75000.00, 15000, 1325, 2430),
(5, 25000.00, 125000.00, 25000, 1325, 2555),
(1, 15000.00, 15000.00, 15000, 1325, 2592),
(2, 25000.00, 50000.00, 25000, 1327, 2132),
(3, 2000.00, 6000.00, 2000, 1327, 2241),
(4, 17000.00, 68000.00, 17000, 1327, 2283),
(2, 7000.00, 14000.00, 7000, 1327, 2360),
(1, 20000.00, 20000.00, 20000, 1327, 2476),
(1, 30000.00, 30000.00, 30000, 1327, 2527),
(5, 25000.00, 125000.00, 25000, 1327, 2552),
(5, 25000.00, 125000.00, 25000, 1327, 2555),
(5, 5000.00, 25000.00, 5000, 1327, 2649),
(2, 100000.00, 200000.00, 100000, 1327, 2714),
(5, 2000.00, 10000.00, 2000, 1330, 2241),
(2, 9500.00, 19000.00, 9500, 1330, 2278),
(1, 70000.00, 70000.00, 70000, 1330, 2355),
(1, 7000.00, 7000.00, 7000, 1330, 2360),
(3, 4000.00, 12000.00, 4000, 1330, 2591),
(2, 5000.00, 10000.00, 5000, 1330, 2630),
(2, 2000.00, 4000.00, 2000, 1333, 2241),
(5, 130000.00, 650000.00, 130000, 1333, 2249),
(5, 150000.00, 750000.00, 150000, 1333, 2270),
(2, 4000.00, 8000.00, 4000, 1333, 2279),
(5, 200000.00, 1000000.00, 200000, 1333, 2296),
(3, 86000.00, 258000.00, 86000, 1333, 2425),
(2, 12000.00, 24000.00, 12000, 1333, 2589),
(5, 210000.00, 1050000.00, 210000, 1333, 2620),
(2, 7000.00, 14000.00, 7000, 1333, 2690),
(5, 100000.00, 500000.00, 100000, 1333, 2710),
(4, 13000.00, 52000.00, 13000, 1336, 2138),
(3, 7000.00, 21000.00, 7000, 1336, 2144),
(2, 12000.00, 24000.00, 12000, 1338, 2224),
(1, 12000.00, 12000.00, 12000, 1338, 2232),
(5, 22000.00, 110000.00, 22000, 1338, 2626),
(5, 19000.00, 95000.00, 19000, 1338, 2646),
(1, 10000.00, 10000.00, 10000, 1338, 2667),
(2, 20000.00, 40000.00, 20000, 1341, 2158),
(1, 3500.00, 3500.00, 3500, 1341, 2190),
(2, 10000.00, 20000.00, 10000, 1341, 2198),
(1, 16000.00, 16000.00, 16000, 1341, 2253),
(3, 6000.00, 18000.00, 6000, 1341, 2493),
(2, 25000.00, 50000.00, 25000, 1344, 2132),
(1, 28000.00, 28000.00, 28000, 1344, 2143),
(1, 4000.00, 4000.00, 4000, 1344, 2477),
(5, 67000.00, 335000.00, 67000, 1344, 2653),
(5, 6000.00, 30000.00, 6000, 1344, 2843),
(3, 15000.00, 45000.00, 15000, 1345, 2338),
(2, 3500.00, 7000.00, 3500, 1345, 2386),
(1, 24300.00, 24300.00, 24300, 1345, 2766),
(2, 6000.00, 12000.00, 6000, 1349, 2261),
(3, 5000.00, 15000.00, 5000, 1349, 2398),
(5, 7000.00, 35000.00, 7000, 1349, 2416),
(1, 8000.00, 8000.00, 8000, 1349, 2735),
(5, 120000.00, 600000.00, 120000, 1360, 2175),
(1, 12000.00, 12000.00, 12000, 1360, 2224),
(3, 175000.00, 525000.00, 175000, 1362, 2226),
(1, 150000.00, 150000.00, 150000, 1362, 2270),
(5, 28000.00, 140000.00, 28000, 1362, 2317),
(3, 5000.00, 15000.00, 5000, 1363, 2209),
(1, 9000.00, 9000.00, 9000, 1363, 2275),
(1, 7000.00, 7000.00, 7000, 1363, 2360),
(5, 3500.00, 17500.00, 3500, 1363, 2466),
(3, 10000.00, 30000.00, 10000, 1363, 2647),
(3, 10000.00, 30000.00, 10000, 1364, 2194),
(5, 80000.00, 400000.00, 80000, 1364, 2485),
(2, 23400.00, 46800.00, 23400, 1364, 2598),
(5, 100000.00, 500000.00, 100000, 1364, 2714),
(5, 95000.00, 475000.00, 95000, 1365, 2231),
(5, 65000.00, 325000.00, 65000, 1365, 2412),
(4, 63000.00, 252000.00, 63000, 1365, 2432),
(4, 4500.00, 18000.00, 4500, 1365, 2519),
(5, 75000.00, 375000.00, 75000, 1366, 2157),
(1, 130000.00, 130000.00, 130000, 1372, 2249),
(3, 12000.00, 36000.00, 12000, 1372, 2339),
(2, 12000.00, 24000.00, 12000, 1372, 2685),
(2, 2000.00, 4000.00, 2000, 1373, 2241),
(3, 40000.00, 120000.00, 40000, 1374, 2616),
(5, 65000.00, 325000.00, 65000, 1374, 2733),
(5, 20300.00, 101500.00, 20300, 1374, 2767),
(2, 70000.00, 140000.00, 70000, 1375, 2355),
(5, 20000.00, 100000.00, 20000, 1376, 2637),
(2, 3500.00, 7000.00, 3500, 1377, 2190),
(3, 39000.00, 117000.00, 39000, 1378, 2150),
(4, 5000.00, 20000.00, 5000, 1378, 2200),
(3, 70000.00, 210000.00, 70000, 1378, 2255),
(4, 150000.00, 600000.00, 150000, 1378, 2270),
(4, 80000.00, 320000.00, 80000, 1378, 2276),
(2, 9500.00, 19000.00, 9500, 1378, 2278),
(1, 20000.00, 20000.00, 20000, 1378, 2367),
(2, 250000.00, 500000.00, 250000, 1378, 2484),
(1, 23000.00, 23000.00, 23000, 1378, 2532),
(1, 30000.00, 30000.00, 30000, 1378, 2802),
(5, 23000.00, 115000.00, 23000, 1379, 2152),
(5, 25000.00, 125000.00, 25000, 1379, 2331),
(4, 10000.00, 40000.00, 10000, 1379, 2401),
(5, 50000.00, 250000.00, 50000, 1379, 2491),
(5, 53000.00, 265000.00, 53000, 1381, 2336),
(1, 15000.00, 15000.00, 15000, 1381, 2364),
(5, 25000.00, 125000.00, 25000, 1385, 2132),
(4, 6000.00, 24000.00, 6000, 1385, 2624),
(4, 3500.00, 14000.00, 3500, 1386, 2130),
(2, 5000.00, 10000.00, 5000, 1386, 2200),
(1, 23000.00, 23000.00, 23000, 1386, 2294),
(3, 30000.00, 90000.00, 30000, 1386, 2357),
(2, 130000.00, 260000.00, 130000, 1386, 2420),
(1, 12000.00, 12000.00, 12000, 1386, 2454),
(5, 250000.00, 1250000.00, 250000, 1386, 2484),
(3, 4000.00, 12000.00, 4000, 1386, 2591),
(2, 9500.00, 19000.00, 9500, 1386, 2613),
(5, 14000.00, 70000.00, 14000, 1386, 2739),
(1, 24000.00, 24000.00, 24000, 1387, 2145),
(2, 55000.00, 110000.00, 55000, 1387, 2151),
(5, 75000.00, 375000.00, 75000, 1387, 2157),
(1, 60000.00, 60000.00, 60000, 1387, 2167),
(5, 175000.00, 875000.00, 175000, 1387, 2226),
(5, 5000.00, 25000.00, 5000, 1387, 2301),
(5, 157000.00, 785000.00, 157000, 1387, 2370),
(5, 2500.00, 12500.00, 2500, 1387, 2419),
(5, 9000.00, 45000.00, 9000, 1387, 2697),
(2, 15000.00, 30000.00, 15000, 1387, 2700),
(5, 8000.00, 40000.00, 8000, 1387, 2708),
(5, 100000.00, 500000.00, 100000, 1387, 2710),
(5, 25000.00, 125000.00, 25000, 1387, 2726),
(5, 160000.00, 800000.00, 160000, 1387, 2769),
(5, 74404.00, 372020.00, 74404, 1387, 2781),
(3, 23000.00, 69000.00, 23000, 1389, 2152),
(1, 157000.00, 157000.00, 157000, 1389, 2370),
(5, 50000.00, 250000.00, 50000, 1389, 2491),
(1, 3000.00, 3000.00, 3000, 1389, 2801),
(2, 150000.00, 300000.00, 150000, 1390, 2270),
(1, 25000.00, 25000.00, 25000, 1390, 2316),
(1, 45000.00, 45000.00, 45000, 1390, 2465),
(1, 135000.00, 135000.00, 135000, 1390, 2612),
(3, 55000.00, 165000.00, 55000, 1393, 2161),
(5, 52500.00, 262500.00, 52500, 1393, 2277),
(2, 20000.00, 40000.00, 20000, 1393, 2314),
(5, 175000.00, 875000.00, 175000, 1394, 2226),
(5, 180000.00, 900000.00, 180000, 1394, 2347),
(4, 53000.00, 212000.00, 53000, 1396, 2336),
(3, 7000.00, 21000.00, 7000, 1396, 2350),
(2, 4000.00, 8000.00, 4000, 1396, 2478),
(4, 250000.00, 1000000.00, 250000, 1396, 2484),
(1, 40000.00, 40000.00, 40000, 1397, 2404),
(3, 250000.00, 750000.00, 250000, 1397, 2484),
(2, 28000.00, 56000.00, 28000, 1397, 2611),
(5, 47000.00, 235000.00, 47000, 1398, 2387),
(2, 16500.00, 33000.00, 16500, 1398, 2464),
(1, 3000.00, 3000.00, 3000, 1398, 2496),
(1, 23000.00, 23000.00, 23000, 1398, 2532),
(1, 6880.00, 6880.00, 6880, 1398, 2618),
(1, 210000.00, 210000.00, 210000, 1399, 2620),
(5, 23000.00, 115000.00, 23000, 1400, 2152),
(3, 22000.00, 66000.00, 22000, 1400, 2168),
(5, 18500.00, 92500.00, 18500, 1400, 2185),
(5, 20000.00, 100000.00, 20000, 1400, 2476),
(1, 25000.00, 25000.00, 25000, 1401, 2132),
(1, 7000.00, 7000.00, 7000, 1401, 2360),
(5, 100000.00, 500000.00, 100000, 1401, 2710),
(1, 20300.00, 20300.00, 20300, 1402, 2767),
(5, 2000.00, 10000.00, 2000, 1407, 2241),
(5, 2500.00, 12500.00, 2500, 1407, 2419),
(5, 24529.00, 122645.00, 24529, 1407, 2448),
(5, 10000.00, 50000.00, 10000, 1407, 2521),
(5, 210000.00, 1050000.00, 210000, 1407, 2620),
(2, 180000.00, 360000.00, 180000, 1408, 2402),
(1, 210000.00, 210000.00, 210000, 1408, 2620),
(2, 81500.00, 163000.00, 81500, 1409, 2520),
(3, 75000.00, 225000.00, 75000, 1410, 2157),
(3, 250000.00, 750000.00, 250000, 1410, 2732),
(4, 74404.00, 297616.00, 74404, 1410, 2781),
(4, 3500.00, 14000.00, 3500, 1411, 2190),
(5, 2000.00, 10000.00, 2000, 1411, 2241),
(5, 35500.00, 177500.00, 35500, 1411, 2570),
(5, 210000.00, 1050000.00, 210000, 1411, 2620),
(1, 12000.00, 12000.00, 12000, 1415, 2224),
(1, 10000.00, 10000.00, 10000, 1415, 2401),
(3, 3000.00, 9000.00, 3000, 1415, 2496),
(1, 100000.00, 100000.00, 100000, 1415, 2714),
(3, 30000.00, 90000.00, 30000, 1415, 2841),
(3, 5000.00, 15000.00, 5000, 1416, 2209),
(1, 20000.00, 20000.00, 20000, 1416, 2323),
(3, 250000.00, 750000.00, 250000, 1416, 2484),
(2, 8000.00, 16000.00, 8000, 1416, 2657),
(4, 210000.00, 840000.00, 210000, 1418, 2620),
(1, 28000.00, 28000.00, 28000, 1421, 2611),
(5, 10000.00, 50000.00, 10000, 1422, 2584),
(2, 100000.00, 200000.00, 100000, 1422, 2824),
(5, 2000.00, 10000.00, 2000, 1427, 2241),
(5, 43000.00, 215000.00, 43000, 1427, 2648),
(5, 200900.00, 1004500.00, 200900, 1427, 2675),
(5, 18000.00, 90000.00, 18000, 1428, 2162),
(5, 3000.00, 15000.00, 3000, 1428, 2496),
(1, 49900.00, 49900.00, 49900, 1430, 2405),
(2, 20000.00, 40000.00, 20000, 1430, 2476),
(3, 28000.00, 84000.00, 28000, 1430, 2611),
(2, 10000.00, 20000.00, 10000, 1430, 2667),
(3, 22000.00, 66000.00, 22000, 1430, 2763),
(3, 59900.00, 179700.00, 59900, 1432, 2429),
(2, 100000.00, 200000.00, 100000, 1433, 2710),
(1, 20000.00, 20000.00, 20000, 1434, 2476),
(1, 6000.00, 6000.00, 6000, 1434, 2493),
(5, 40000.00, 200000.00, 40000, 1434, 2600),
(5, 85900.00, 429500.00, 85900, 1435, 2213),
(5, 95000.00, 475000.00, 95000, 1435, 2304),
(5, 24000.00, 120000.00, 24000, 1435, 2393),
(5, 80000.00, 400000.00, 80000, 1435, 2485),
(5, 75600.00, 378000.00, 75600, 1435, 2625),
(4, 41800.00, 167200.00, 41800, 1437, 2702),
(4, 149000.00, 596000.00, 149000, 1439, 2236),
(5, 35000.00, 175000.00, 35000, 1440, 2160),
(4, 70000.00, 280000.00, 70000, 1440, 2170),
(5, 3500.00, 17500.00, 3500, 1440, 2190),
(2, 12000.00, 24000.00, 12000, 1440, 2232),
(2, 6000.00, 12000.00, 6000, 1440, 2493),
(2, 17000.00, 34000.00, 17000, 1440, 2498),
(4, 67000.00, 268000.00, 67000, 1440, 2653),
(2, 5000.00, 10000.00, 5000, 1440, 2731),
(5, 5000.00, 25000.00, 5000, 1440, 2805),
(4, 17500.00, 70000.00, 17500, 1443, 2192),
(1, 34000.00, 34000.00, 34000, 1443, 2202),
(3, 175000.00, 525000.00, 175000, 1443, 2226),
(5, 6000.00, 30000.00, 6000, 1443, 2782),
(1, 9500.00, 9500.00, 9500, 1444, 2278),
(1, 47000.00, 47000.00, 47000, 1444, 2523),
(5, 11000.00, 55000.00, 11000, 1444, 2599),
(4, 28000.00, 112000.00, 28000, 1444, 2611),
(2, 45000.00, 90000.00, 45000, 1444, 2642),
(4, 12000.00, 48000.00, 12000, 1451, 2232),
(5, 4000.00, 20000.00, 4000, 1451, 2288),
(4, 100000.00, 400000.00, 100000, 1451, 2710),
(5, 24000.00, 120000.00, 24000, 1453, 2393),
(4, 30000.00, 120000.00, 30000, 1453, 2503),
(3, 175000.00, 525000.00, 175000, 1454, 2226),
(5, 45000.00, 225000.00, 45000, 1454, 2660),
(5, 2000.00, 10000.00, 2000, 1455, 2241),
(2, 50000.00, 100000.00, 50000, 1455, 2491),
(1, 10000.00, 10000.00, 10000, 1455, 2521),
(3, 5000.00, 15000.00, 5000, 1457, 2572),
(4, 4000.00, 16000.00, 4000, 1458, 2186),
(4, 10000.00, 40000.00, 10000, 1458, 2234),
(5, 98000.00, 490000.00, 98000, 1458, 2332),
(4, 19000.00, 76000.00, 19000, 1458, 2400),
(5, 50000.00, 250000.00, 50000, 1458, 2457),
(5, 3000.00, 15000.00, 3000, 1458, 2663),
(4, 140000.00, 560000.00, 140000, 1458, 2689),
(5, 3500.00, 17500.00, 3500, 1458, 2691),
(4, 100000.00, 400000.00, 100000, 1458, 2714),
(5, 5000.00, 25000.00, 5000, 1460, 2209),
(5, 12000.00, 60000.00, 12000, 1460, 2224),
(5, 2000.00, 10000.00, 2000, 1460, 2241),
(5, 7000.00, 35000.00, 7000, 1460, 2360),
(5, 20000.00, 100000.00, 20000, 1460, 2476),
(2, 86000.00, 172000.00, 86000, 1466, 2425),
(2, 210000.00, 420000.00, 210000, 1466, 2620),
(5, 210000.00, 1050000.00, 210000, 1467, 2620),
(5, 20000.00, 100000.00, 20000, 1470, 2637),
(4, 10000.00, 40000.00, 10000, 1470, 2667),
(4, 100000.00, 400000.00, 100000, 1470, 2710),
(1, 49900.00, 49900.00, 49900, 1471, 2405),
(3, 7000.00, 21000.00, 7000, 1471, 2548),
(3, 7500.00, 22500.00, 7500, 1471, 2699),
(1, 2000.00, 2000.00, 2000, 1474, 2241),
(1, 12000.00, 12000.00, 12000, 1474, 2589),
(5, 210000.00, 1050000.00, 210000, 1474, 2620),
(5, 25000.00, 125000.00, 25000, 1475, 2132),
(5, 15000.00, 75000.00, 15000, 1475, 2364),
(5, 3000.00, 15000.00, 3000, 1475, 2508),
(5, 23000.00, 115000.00, 23000, 1475, 2532),
(5, 10000.00, 50000.00, 10000, 1475, 2667),
(3, 2000.00, 6000.00, 2000, 1476, 2241),
(5, 11000.00, 55000.00, 11000, 1479, 2139),
(5, 10000.00, 50000.00, 10000, 1479, 2198),
(5, 17000.00, 85000.00, 17000, 1479, 2283),
(5, 4500.00, 22500.00, 4500, 1479, 2519),
(5, 12000.00, 60000.00, 12000, 1479, 2604),
(4, 70000.00, 280000.00, 70000, 1481, 2170),
(5, 7000.00, 35000.00, 7000, 1481, 2458),
(3, 5000.00, 15000.00, 5000, 1482, 2209),
(2, 9000.00, 18000.00, 9000, 1484, 2275),
(3, 53000.00, 159000.00, 53000, 1484, 2336),
(4, 157000.00, 628000.00, 157000, 1485, 2370),
(3, 5000.00, 15000.00, 5000, 1485, 2479),
(4, 35000.00, 140000.00, 35000, 1486, 2184),
(3, 34000.00, 102000.00, 34000, 1486, 2202),
(5, 5500.00, 27500.00, 5500, 1486, 2579),
(3, 60000.00, 180000.00, 60000, 1486, 2628),
(3, 31000.00, 93000.00, 31000, 1488, 2582),
(5, 100000.00, 500000.00, 100000, 1488, 2714),
(3, 50000.00, 150000.00, 50000, 1489, 2207),
(1, 5000.00, 5000.00, 5000, 1489, 2301),
(2, 20000.00, 40000.00, 20000, 1489, 2460),
(1, 3000.00, 3000.00, 3000, 1489, 2508),
(4, 20000.00, 80000.00, 20000, 1490, 2476),
(5, 10000.00, 50000.00, 10000, 1490, 2521),
(3, 47000.00, 141000.00, 47000, 1492, 2523),
(5, 22000.00, 110000.00, 22000, 1492, 2633),
(5, 4000.00, 20000.00, 4000, 1493, 2366),
(4, 40000.00, 160000.00, 40000, 1493, 2616),
(3, 100000.00, 300000.00, 100000, 1493, 2710),
(2, 241000.00, 482000.00, 241000, 1494, 2300),
(3, 29000.00, 87000.00, 29000, 1495, 2515),
(4, 15000.00, 60000.00, 15000, 1496, 2364),
(5, 30000.00, 150000.00, 30000, 1496, 2802),
(5, 114000.00, 570000.00, 114000, 1501, 2318),
(5, 86000.00, 430000.00, 86000, 1501, 2425),
(3, 5000.00, 15000.00, 5000, 1503, 2479),
(2, 10000.00, 20000.00, 10000, 1503, 2521),
(1, 45000.00, 45000.00, 45000, 1505, 2188),
(4, 3500.00, 14000.00, 3500, 1505, 2190),
(3, 40000.00, 120000.00, 40000, 1505, 2404),
(5, 2500.00, 12500.00, 2500, 1505, 2419),
(1, 10000.00, 10000.00, 10000, 1505, 2521),
(5, 110000.00, 550000.00, 110000, 1513, 2494),
(5, 10000.00, 50000.00, 10000, 1514, 2135),
(3, 1000.00, 3000.00, 1000, 1514, 2289),
(2, 45000.00, 90000.00, 45000, 1514, 2320),
(5, 9000.00, 45000.00, 9000, 1514, 2461),
(5, 210000.00, 1050000.00, 210000, 1515, 2620),
(3, 74404.00, 223212.00, 74404, 1516, 2781),
(5, 5500.00, 27500.00, 5500, 1520, 2302),
(5, 3000.00, 15000.00, 3000, 1520, 2727),
(5, 10000.00, 50000.00, 10000, 1524, 2667),
(2, 11000.00, 22000.00, 11000, 1525, 2139),
(3, 23000.00, 69000.00, 23000, 1525, 2152),
(4, 6000.00, 24000.00, 6000, 1525, 2782),
(5, 53000.00, 265000.00, 53000, 1526, 2336),
(4, 6000.00, 24000.00, 6000, 1526, 2782),
(3, 7500.00, 22500.00, 7500, 1530, 2490),
(3, 210000.00, 630000.00, 210000, 1530, 2620),
(5, 2500.00, 12500.00, 2500, 1530, 2722),
(5, 210000.00, 1050000.00, 210000, 1535, 2620),
(4, 30000.00, 120000.00, 30000, 1535, 2841),
(2, 23000.00, 46000.00, 23000, 1536, 2152),
(1, 10000.00, 10000.00, 10000, 1536, 2667),
(5, 28000.00, 140000.00, 28000, 1537, 2143),
(4, 23000.00, 92000.00, 23000, 1537, 2152),
(5, 7000.00, 35000.00, 7000, 1537, 2164),
(2, 9000.00, 18000.00, 9000, 1538, 2275),
(3, 10000.00, 30000.00, 10000, 1538, 2640),
(2, 50000.00, 100000.00, 50000, 1539, 2491),
(4, 7500.00, 30000.00, 7500, 1539, 2566),
(2, 28000.00, 56000.00, 28000, 1539, 2611),
(2, 10000.00, 20000.00, 10000, 1539, 2647),
(1, 53000.00, 53000.00, 53000, 1544, 2336),
(1, 15000.00, 15000.00, 15000, 1544, 2483),
(2, 5500.00, 11000.00, 5500, 1544, 2579),
(5, 3500.00, 17500.00, 3500, 1550, 2190),
(5, 15000.00, 75000.00, 15000, 1550, 2391),
(5, 1100.00, 5500.00, 1100, 1550, 2407),
(5, 15000.00, 75000.00, 15000, 1550, 2430),
(5, 27000.00, 135000.00, 27000, 1550, 2823),
(3, 12000.00, 36000.00, 12000, 1558, 2232),
(2, 100000.00, 200000.00, 100000, 1558, 2710),
(3, 3000.00, 9000.00, 3000, 1558, 2801),
(2, 210000.00, 420000.00, 210000, 1562, 2620),
(5, 110000.00, 550000.00, 110000, 1563, 2413),
(2, 7000.00, 14000.00, 7000, 1565, 2324),
(3, 9000.00, 27000.00, 9000, 1565, 2594),
(5, 3500.00, 17500.00, 3500, 1567, 2542),
(1, 10000.00, 10000.00, 10000, 1567, 2647),
(5, 12000.00, 60000.00, 12000, 1568, 2454),
(4, 30000.00, 120000.00, 30000, 1568, 2802),
(2, 6000.00, 12000.00, 6000, 1571, 2256),
(3, 16500.00, 49500.00, 16500, 1571, 2464),
(2, 30000.00, 60000.00, 30000, 1571, 2503),
(1, 9500.00, 9500.00, 9500, 1571, 2764),
(5, 23000.00, 115000.00, 23000, 1572, 2532),
(5, 25000.00, 125000.00, 25000, 1574, 2555),
(4, 2000.00, 8000.00, 2000, 1581, 2384),
(3, 11000.00, 33000.00, 11000, 1581, 2709),
(1, 23000.00, 23000.00, 23000, 1583, 2152),
(2, 6000.00, 12000.00, 6000, 1583, 2225),
(4, 1000.00, 4000.00, 1000, 1583, 2289),
(5, 200900.00, 1004500.00, 200900, 1583, 2675),
(5, 210000.00, 1050000.00, 210000, 1584, 2620),
(5, 200900.00, 1004500.00, 200900, 1584, 2675),
(5, 13000.00, 65000.00, 13000, 1586, 2138),
(5, 40000.00, 200000.00, 40000, 1586, 2179),
(1, 150000.00, 150000.00, 150000, 1586, 2270),
(5, 6000.00, 30000.00, 6000, 1586, 2467),
(5, 3500.00, 17500.00, 3500, 1586, 2563),
(5, 20000.00, 100000.00, 20000, 1587, 2476),
(5, 23000.00, 115000.00, 23000, 1587, 2717),
(2, 2500.00, 5000.00, 2500, 1588, 2419),
(1, 24529.00, 24529.00, 24529, 1588, 2448),
(2, 80000.00, 160000.00, 80000, 1588, 2485),
(3, 37000.00, 111000.00, 37000, 1588, 2590),
(1, 19000.00, 19000.00, 19000, 1588, 2646),
(5, 55000.00, 275000.00, 55000, 1597, 2151),
(5, 2000.00, 10000.00, 2000, 1597, 2241),
(3, 3000.00, 9000.00, 3000, 1597, 2397),
(3, 7000.00, 21000.00, 7000, 1598, 2360),
(3, 10000.00, 30000.00, 10000, 1598, 2521),
(4, 6000.00, 24000.00, 6000, 1598, 2575),
(5, 10000.00, 50000.00, 10000, 1601, 2521),
(5, 4000.00, 20000.00, 4000, 1603, 2477),
(4, 23000.00, 92000.00, 23000, 1603, 2532),
(5, 25000.00, 125000.00, 25000, 1607, 2555),
(5, 28000.00, 140000.00, 28000, 1607, 2611),
(5, 24000.00, 120000.00, 24000, 1609, 2145),
(5, 6000.00, 30000.00, 6000, 1609, 2467),
(3, 89000.00, 267000.00, 89000, 1610, 2262),
(5, 49900.00, 249500.00, 49900, 1610, 2405),
(4, 40000.00, 160000.00, 40000, 1610, 2616),
(3, 9000.00, 27000.00, 9000, 1611, 2275),
(4, 5000.00, 20000.00, 5000, 1611, 2479),
(3, 7000.00, 21000.00, 7000, 1611, 2548),
(5, 40000.00, 200000.00, 40000, 1611, 2616),
(4, 135000.00, 540000.00, 135000, 1612, 2612),
(5, 67000.00, 335000.00, 67000, 1612, 2653),
(4, 100000.00, 400000.00, 100000, 1612, 2824),
(5, 23000.00, 115000.00, 23000, 1613, 2152),
(5, 5000.00, 25000.00, 5000, 1613, 2222),
(3, 12000.00, 36000.00, 12000, 1613, 2232),
(4, 53000.00, 212000.00, 53000, 1613, 2336),
(3, 70000.00, 210000.00, 70000, 1614, 2170),
(3, 4000.00, 12000.00, 4000, 1614, 2279),
(4, 7000.00, 28000.00, 7000, 1614, 2324),
(3, 18000.00, 54000.00, 18000, 1624, 2362),
(3, 40000.00, 120000.00, 40000, 1624, 2427),
(5, 45000.00, 225000.00, 45000, 1624, 2660),
(3, 17000.00, 51000.00, 17000, 1624, 2713),
(5, 24000.00, 120000.00, 24000, 1626, 2145),
(4, 45000.00, 180000.00, 45000, 1626, 2320),
(4, 7000.00, 28000.00, 7000, 1626, 2375),
(3, 22000.00, 66000.00, 22000, 1626, 2763),
(1, 95000.00, 95000.00, 95000, 1629, 2231),
(1, 98000.00, 98000.00, 98000, 1629, 2332),
(1, 110000.00, 110000.00, 110000, 1629, 2413),
(1, 81500.00, 81500.00, 81500, 1629, 2520),
(2, 200900.00, 401800.00, 200900, 1629, 2675),
(1, 175000.00, 175000.00, 175000, 1631, 2226),
(1, 95000.00, 95000.00, 95000, 1631, 2231),
(1, 149000.00, 149000.00, 149000, 1631, 2236),
(1, 74404.00, 74404.00, 74404, 1631, 2781),
(3, 15000.00, 45000.00, 15000, 1633, 2483),
(5, 130000.00, 650000.00, 130000, 1634, 2249),
(2, 210000.00, 420000.00, 210000, 1642, 2620),
(5, 16000.00, 80000.00, 16000, 1643, 2615),
(5, 120000.00, 600000.00, 120000, 1648, 2175),
(3, 5000.00, 15000.00, 5000, 1650, 2222),
(2, 7000.00, 14000.00, 7000, 1650, 2548),
(1, 45000.00, 45000.00, 45000, 1652, 2320),
(1, 70000.00, 70000.00, 70000, 1652, 2355),
(1, 110000.00, 110000.00, 110000, 1652, 2494),
(1, 81500.00, 81500.00, 81500, 1652, 2520),
(1, 60000.00, 60000.00, 60000, 1652, 2628),
(1, 100000.00, 100000.00, 100000, 1652, 2710),
(1, 65000.00, 65000.00, 65000, 1652, 2733),
(1, 24000.00, 24000.00, 24000, 1653, 2196),
(1, 10000.00, 10000.00, 10000, 1653, 2647),
(1, 67000.00, 67000.00, 67000, 1653, 2653),
(1, 11000.00, 11000.00, 11000, 1653, 2709),
(1, 180000.00, 180000.00, 180000, 1654, 2402),
(1, 28000.00, 28000.00, 28000, 1654, 2452),
(1, 20000.00, 20000.00, 20000, 1654, 2476),
(1, 75600.00, 75600.00, 75600, 1654, 2625),
(1, 45000.00, 45000.00, 45000, 1654, 2650),
(1, 2000.00, 2000.00, 2000, 1656, 2241),
(1, 20000.00, 20000.00, 20000, 1656, 2476),
(1, 3000.00, 3000.00, 3000, 1656, 2508),
(1, 25000.00, 25000.00, 25000, 1656, 2555),
(1, 30000.00, 30000.00, 30000, 1656, 2841),
(1, 23000.00, 23000.00, 23000, 1658, 2152),
(1, 5000.00, 5000.00, 5000, 1658, 2209),
(1, 3000.00, 3000.00, 3000, 1658, 2508),
(1, 28000.00, 28000.00, 28000, 1658, 2611),
(1, 5000.00, 5000.00, 5000, 1658, 2658),
(1, 25000.00, 25000.00, 25000, 1660, 2132),
(1, 53000.00, 53000.00, 53000, 1660, 2336),
(1, 1000.00, 1000.00, 1000, 1660, 2602),
(5, 140000.00, 700000.00, 140000, 1662, 2689),
(2, 40000.00, 80000.00, 40000, 1663, 2404),
(1, 75000.00, 75000.00, 75000, 1664, 2157),
(1, 70000.00, 70000.00, 70000, 1664, 2170),
(1, 45500.00, 45500.00, 45500, 1664, 2368),
(1, 40000.00, 40000.00, 40000, 1664, 2600),
(1, 160000.00, 160000.00, 160000, 1664, 2769),
(2, 80000.00, 160000.00, 80000, 1665, 2276),
(5, 7000.00, 35000.00, 7000, 1666, 2458),
(1, 137000.00, 137000.00, 137000, 1667, 2492),
(1, 23000.00, 23000.00, 23000, 1667, 2532);
INSERT INTO `order_details` (`QTY`, `PRICE_AT_PURCHASE`, `SUBTOTAL`, `PRICE`, `ORDER_ID`, `PRODUCT_ID`) VALUES
(1, 40000.00, 40000.00, 40000, 1672, 2404),
(1, 15000.00, 15000.00, 15000, 1672, 2483),
(1, 10000.00, 10000.00, 10000, 1672, 2521),
(1, 12000.00, 12000.00, 12000, 1672, 2589),
(1, 6880.00, 6880.00, 6880, 1672, 2618),
(1, 19000.00, 19000.00, 19000, 1672, 2646),
(2, 10000.00, 20000.00, 10000, 1673, 2234),
(1, 70000.00, 70000.00, 70000, 1673, 2255),
(1, 15000.00, 15000.00, 15000, 1673, 2364),
(2, 5000.00, 10000.00, 5000, 1673, 2479),
(3, 67000.00, 201000.00, 67000, 1673, 2653),
(5, 75000.00, 375000.00, 75000, 1674, 2157),
(5, 50000.00, 250000.00, 50000, 1674, 2207),
(5, 15000.00, 75000.00, 15000, 1674, 2364),
(3, 86000.00, 258000.00, 86000, 1674, 2425),
(4, 28000.00, 112000.00, 28000, 1674, 2611),
(1, 13000.00, 13000.00, 13000, 1681, 2138),
(1, 5500.00, 5500.00, 5500, 1681, 2302),
(1, 60000.00, 60000.00, 60000, 1681, 2403),
(1, 22000.00, 22000.00, 22000, 1681, 2763),
(5, 175000.00, 875000.00, 175000, 1706, 2226),
(4, 89000.00, 356000.00, 89000, 1706, 2262),
(5, 90000.00, 450000.00, 90000, 1706, 2263),
(4, 30000.00, 120000.00, 30000, 1706, 2346),
(5, 49900.00, 249500.00, 49900, 1706, 2405),
(5, 63000.00, 315000.00, 63000, 1706, 2432),
(5, 20000.00, 100000.00, 20000, 1706, 2476),
(5, 65000.00, 325000.00, 65000, 1706, 2733),
(5, 25000.00, 125000.00, 25000, 1715, 2132),
(5, 7000.00, 35000.00, 7000, 1715, 2360),
(5, 110000.00, 550000.00, 110000, 1715, 2413),
(5, 63000.00, 315000.00, 63000, 1715, 2432),
(5, 28000.00, 140000.00, 28000, 1715, 2611),
(5, 210000.00, 1050000.00, 210000, 1715, 2620),
(5, 200900.00, 1004500.00, 200900, 1715, 2675),
(5, 100000.00, 500000.00, 100000, 1715, 2710),
(5, 23000.00, 115000.00, 23000, 1716, 2152),
(5, 15000.00, 75000.00, 15000, 1716, 2364),
(4, 20000.00, 80000.00, 20000, 1716, 2476),
(5, 10000.00, 50000.00, 10000, 1716, 2521),
(4, 23000.00, 92000.00, 23000, 1716, 2532),
(2, 200000.00, 400000.00, 200000, 1720, 2134),
(2, 28000.00, 56000.00, 28000, 1720, 2452),
(5, 16500.00, 82500.00, 16500, 1720, 2464),
(1, 6000.00, 6000.00, 6000, 1720, 2493),
(1, 23000.00, 23000.00, 23000, 1720, 2532),
(4, 3500.00, 14000.00, 3500, 1720, 2563),
(2, 22000.00, 44000.00, 22000, 1720, 2626),
(2, 60000.00, 120000.00, 60000, 1720, 2628),
(2, 12000.00, 24000.00, 12000, 1720, 2662),
(5, 140000.00, 700000.00, 140000, 1720, 2689),
(1, 30000.00, 30000.00, 30000, 1720, 2841),
(1, 4000.00, 4000.00, 4000, 1727, 2477),
(2, 5000.00, 10000.00, 5000, 1731, 2209),
(2, 7000.00, 14000.00, 7000, 1731, 2360),
(2, 2500.00, 5000.00, 2500, 1731, 2419),
(2, 25000.00, 50000.00, 25000, 1731, 2555),
(2, 100000.00, 200000.00, 100000, 1731, 2710),
(4, 250000.00, 1000000.00, 250000, 1732, 2205),
(4, 12000.00, 48000.00, 12000, 1732, 2224),
(4, 10000.00, 40000.00, 10000, 1732, 2537),
(3, 175000.00, 525000.00, 175000, 1733, 2226),
(3, 3000.00, 9000.00, 3000, 1733, 2397),
(4, 60000.00, 240000.00, 60000, 1733, 2403),
(4, 28000.00, 112000.00, 28000, 1734, 2317),
(2, 30000.00, 60000.00, 30000, 1734, 2841),
(4, 5000.00, 20000.00, 5000, 1735, 2479),
(3, 97000.00, 291000.00, 97000, 1735, 2480),
(5, 60000.00, 300000.00, 60000, 1741, 2167),
(5, 50000.00, 250000.00, 50000, 1741, 2172),
(5, 145000.00, 725000.00, 145000, 1741, 2235),
(5, 150000.00, 750000.00, 150000, 1741, 2270),
(1, 15000.00, 15000.00, 15000, 1741, 2391),
(5, 81500.00, 407500.00, 81500, 1741, 2520),
(5, 150000.00, 750000.00, 150000, 1741, 2524),
(1, 5000.00, 5000.00, 5000, 1741, 2634),
(5, 12000.00, 60000.00, 12000, 1741, 2693),
(4, 4000.00, 16000.00, 4000, 1742, 2148),
(5, 75000.00, 375000.00, 75000, 1742, 2157),
(5, 80000.00, 400000.00, 80000, 1742, 2272),
(5, 97000.00, 485000.00, 97000, 1742, 2480),
(5, 80000.00, 400000.00, 80000, 1742, 2485),
(5, 10000.00, 50000.00, 10000, 1742, 2521),
(5, 35000.00, 175000.00, 35000, 1742, 2562),
(5, 100000.00, 500000.00, 100000, 1742, 2710),
(4, 65000.00, 260000.00, 65000, 1742, 2733),
(5, 39000.00, 195000.00, 39000, 1742, 2761),
(4, 2000.00, 8000.00, 2000, 1745, 2241),
(5, 98000.00, 490000.00, 98000, 1745, 2332),
(4, 45500.00, 182000.00, 45500, 1745, 2368),
(4, 60000.00, 240000.00, 60000, 1745, 2403),
(5, 250000.00, 1250000.00, 250000, 1745, 2484),
(3, 80000.00, 240000.00, 80000, 1745, 2485),
(5, 50000.00, 250000.00, 50000, 1745, 2491),
(4, 30000.00, 120000.00, 30000, 1745, 2503),
(5, 22000.00, 110000.00, 22000, 1745, 2626),
(5, 67000.00, 335000.00, 67000, 1745, 2653),
(5, 41800.00, 209000.00, 41800, 1745, 2702),
(2, 22000.00, 44000.00, 22000, 1747, 2171),
(4, 12000.00, 48000.00, 12000, 1747, 2224),
(2, 53000.00, 106000.00, 53000, 1747, 2336),
(5, 7000.00, 35000.00, 7000, 1749, 2204),
(2, 86000.00, 172000.00, 86000, 1749, 2425),
(3, 10000.00, 30000.00, 10000, 1749, 2640),
(3, 9000.00, 27000.00, 9000, 1750, 2275),
(2, 250000.00, 500000.00, 250000, 1750, 2484),
(3, 7000.00, 21000.00, 7000, 1751, 2458),
(4, 9000.00, 36000.00, 9000, 1751, 2594),
(4, 41800.00, 167200.00, 41800, 1751, 2702),
(4, 1000.00, 4000.00, 1000, 1752, 2289),
(3, 45000.00, 135000.00, 45000, 1752, 2320),
(2, 17000.00, 34000.00, 17000, 1753, 2447),
(2, 47000.00, 94000.00, 47000, 1753, 2523),
(2, 6000.00, 12000.00, 6000, 1766, 2225),
(1, 6000.00, 6000.00, 6000, 1766, 2340),
(1, 17000.00, 17000.00, 17000, 1766, 2354),
(2, 3000.00, 6000.00, 3000, 1766, 2508),
(2, 140000.00, 280000.00, 140000, 1766, 2689),
(4, 6000.00, 24000.00, 6000, 1767, 2225),
(2, 7000.00, 14000.00, 7000, 1767, 2350),
(3, 10000.00, 30000.00, 10000, 1767, 2352),
(1, 17000.00, 17000.00, 17000, 1767, 2447),
(2, 7500.00, 15000.00, 7500, 1767, 2699),
(4, 7000.00, 28000.00, 7000, 1768, 2324),
(5, 3500.00, 17500.00, 3500, 1768, 2386),
(4, 110000.00, 440000.00, 110000, 1768, 2413),
(2, 9000.00, 18000.00, 9000, 1768, 2594),
(2, 11000.00, 22000.00, 11000, 1768, 2709),
(3, 39000.00, 117000.00, 39000, 1774, 2150),
(3, 6000.00, 18000.00, 6000, 1774, 2467),
(3, 23000.00, 69000.00, 23000, 1774, 2532),
(3, 149000.00, 447000.00, 149000, 1780, 2236),
(3, 17000.00, 51000.00, 17000, 1780, 2354),
(3, 45000.00, 135000.00, 45000, 1784, 2320),
(1, 17000.00, 17000.00, 17000, 1784, 2365),
(1, 6500.00, 6500.00, 6500, 1784, 2422),
(2, 5000.00, 10000.00, 5000, 1784, 2486),
(3, 67000.00, 201000.00, 67000, 1784, 2653),
(1, 30000.00, 30000.00, 30000, 1785, 2142),
(4, 2500.00, 10000.00, 2500, 1785, 2181),
(3, 6000.00, 18000.00, 6000, 1785, 2225),
(1, 25000.00, 25000.00, 25000, 1785, 2504),
(2, 28900.00, 57800.00, 28900, 1785, 2651),
(1, 24000.00, 24000.00, 24000, 1786, 2145),
(1, 70000.00, 70000.00, 70000, 1786, 2355),
(4, 45500.00, 182000.00, 45500, 1786, 2368),
(3, 16500.00, 49500.00, 16500, 1786, 2464),
(1, 22000.00, 22000.00, 22000, 1786, 2626),
(2, 23000.00, 46000.00, 23000, 1787, 2152),
(2, 9000.00, 18000.00, 9000, 1787, 2275),
(3, 7500.00, 22500.00, 7500, 1787, 2490),
(1, 210000.00, 210000.00, 210000, 1787, 2620),
(2, 12000.00, 24000.00, 12000, 1787, 2662),
(3, 90000.00, 270000.00, 90000, 1789, 2263),
(5, 86000.00, 430000.00, 86000, 1789, 2425),
(5, 10000.00, 50000.00, 10000, 1789, 2521),
(5, 210000.00, 1050000.00, 210000, 1791, 2620),
(3, 100000.00, 300000.00, 100000, 1794, 2710),
(3, 39000.00, 117000.00, 39000, 1794, 2761),
(4, 53000.00, 212000.00, 53000, 1796, 2336),
(2, 110000.00, 220000.00, 110000, 1796, 2494),
(5, 8000.00, 40000.00, 8000, 1800, 2433),
(1, 250000.00, 250000.00, 250000, 1800, 2484),
(3, 110000.00, 330000.00, 110000, 1801, 2494),
(5, 10000.00, 50000.00, 10000, 1801, 2640),
(2, 25000.00, 50000.00, 25000, 1802, 2132),
(3, 100000.00, 300000.00, 100000, 1802, 2714),
(4, 120000.00, 480000.00, 120000, 1822, 2175),
(5, 2000.00, 10000.00, 2000, 1822, 2241),
(5, 17000.00, 85000.00, 17000, 1822, 2283),
(5, 14500.00, 72500.00, 14500, 1822, 2507),
(5, 17000.00, 85000.00, 17000, 1822, 2713),
(4, 3500.00, 14000.00, 3500, 1827, 2130),
(5, 3000.00, 15000.00, 3000, 1827, 2218),
(3, 16500.00, 49500.00, 16500, 1827, 2464),
(5, 4000.00, 20000.00, 4000, 1827, 2477),
(5, 5000.00, 25000.00, 5000, 1827, 2630),
(3, 7000.00, 21000.00, 7000, 1833, 2144),
(3, 10000.00, 30000.00, 10000, 1833, 2234),
(1, 130000.00, 130000.00, 130000, 1833, 2249),
(3, 14500.00, 43500.00, 14500, 1833, 2507),
(4, 17000.00, 68000.00, 17000, 1833, 2713),
(3, 24000.00, 72000.00, 24000, 1835, 2145),
(3, 17000.00, 51000.00, 17000, 1835, 2283),
(3, 7000.00, 21000.00, 7000, 1835, 2350),
(4, 3500.00, 14000.00, 3500, 1835, 2466),
(4, 5000.00, 20000.00, 5000, 1835, 2630),
(4, 4000.00, 16000.00, 4000, 1854, 2186),
(3, 2000.00, 6000.00, 2000, 1854, 2241),
(2, 9500.00, 19000.00, 9500, 1854, 2278),
(4, 5000.00, 20000.00, 5000, 1854, 2479),
(3, 14500.00, 43500.00, 14500, 1854, 2507),
(1, 3500.00, 3500.00, 3500, 1855, 2130),
(2, 12000.00, 24000.00, 12000, 1861, 2604),
(5, 5000.00, 25000.00, 5000, 1861, 2630),
(3, 5000.00, 15000.00, 5000, 1861, 2681),
(4, 10000.00, 40000.00, 10000, 1865, 2401),
(3, 15000.00, 45000.00, 15000, 1865, 2528),
(2, 2500.00, 5000.00, 2500, 1865, 2803),
(4, 10000.00, 40000.00, 10000, 1883, 2401),
(2, 30000.00, 60000.00, 30000, 1883, 2841),
(5, 4000.00, 20000.00, 4000, 1884, 2186),
(2, 10000.00, 20000.00, 10000, 1884, 2401),
(2, 15000.00, 30000.00, 15000, 1884, 2430),
(2, 10000.00, 20000.00, 10000, 1887, 2401),
(2, 9900.00, 19800.00, 9900, 1887, 2545),
(1, 9000.00, 9000.00, 9000, 1887, 2697),
(4, 9500.00, 38000.00, 9500, 1891, 2278),
(4, 10000.00, 40000.00, 10000, 1891, 2667),
(3, 5000.00, 15000.00, 5000, 1891, 2731),
(4, 3500.00, 14000.00, 3500, 1929, 2182),
(3, 8000.00, 24000.00, 8000, 1929, 2373),
(1, 20000.00, 20000.00, 20000, 1929, 2476),
(5, 100000.00, 500000.00, 100000, 1948, 2710),
(5, 241000.00, 1205000.00, 241000, 1951, 2300),
(2, 70000.00, 140000.00, 70000, 1963, 2355),
(3, 28000.00, 84000.00, 28000, 1964, 2611),
(3, 210000.00, 630000.00, 210000, 1965, 2620),
(3, 175000.00, 525000.00, 175000, 1968, 2226),
(2, 23000.00, 46000.00, 23000, 1983, 2152),
(2, 15000.00, 30000.00, 15000, 1983, 2418),
(2, 10000.00, 20000.00, 10000, 1983, 2521),
(3, 15000.00, 45000.00, 15000, 1985, 2483),
(2, 30000.00, 60000.00, 30000, 1985, 2802),
(1, 23000.00, 23000.00, 23000, 2042, 2152),
(2, 120000.00, 240000.00, 120000, 2063, 2175),
(1, 175000.00, 175000.00, 175000, 2063, 2226),
(2, 5000.00, 10000.00, 5000, 2063, 2479),
(2, 45000.00, 90000.00, 45000, 2063, 2506),
(1, 157000.00, 157000.00, 157000, 2064, 2370),
(1, 250000.00, 250000.00, 250000, 2064, 2484),
(1, 24000.00, 24000.00, 24000, 2065, 2136),
(1, 50000.00, 50000.00, 50000, 2065, 2172),
(1, 30000.00, 30000.00, 30000, 2065, 2503),
(1, 25000.00, 25000.00, 25000, 2065, 2679),
(1, 50000.00, 50000.00, 50000, 2066, 2374),
(1, 200900.00, 200900.00, 200900, 2066, 2675),
(1, 27500.00, 27500.00, 27500, 2068, 2149),
(1, 20000.00, 20000.00, 20000, 2068, 2385),
(1, 210000.00, 210000.00, 210000, 2081, 2620),
(3, 67000.00, 201000.00, 67000, 2081, 2653),
(2, 30000.00, 60000.00, 30000, 2081, 2841),
(1, 130000.00, 130000.00, 130000, 2082, 2249),
(1, 150000.00, 150000.00, 150000, 2082, 2270),
(1, 110000.00, 110000.00, 110000, 2082, 2494),
(1, 135000.00, 135000.00, 135000, 2082, 2612),
(1, 250000.00, 250000.00, 250000, 2082, 2732),
(2, 175000.00, 350000.00, 175000, 2083, 2226),
(2, 7000.00, 14000.00, 7000, 2083, 2350),
(3, 12000.00, 36000.00, 12000, 2083, 2589),
(5, 5000.00, 25000.00, 5000, 2091, 2200),
(3, 70000.00, 210000.00, 70000, 2145, 2170),
(5, 12000.00, 60000.00, 12000, 2145, 2454),
(3, 12000.00, 36000.00, 12000, 2145, 2567),
(5, 37000.00, 185000.00, 37000, 2145, 2590),
(4, 28900.00, 115600.00, 28900, 2145, 2651),
(5, 60000.00, 300000.00, 60000, 2149, 2180),
(5, 12300.00, 61500.00, 12300, 2149, 2238),
(3, 20000.00, 60000.00, 20000, 2149, 2734),
(5, 120000.00, 600000.00, 120000, 2150, 2175),
(5, 15000.00, 75000.00, 15000, 2150, 2356),
(1, 11000.00, 11000.00, 11000, 2150, 2469),
(5, 14000.00, 70000.00, 14000, 2152, 2310),
(1, 10000.00, 10000.00, 10000, 2152, 2401),
(1, 15000.00, 15000.00, 15000, 2153, 2364),
(1, 95000.00, 95000.00, 95000, 2153, 2501),
(3, 12000.00, 36000.00, 12000, 2156, 2232),
(5, 58000.00, 290000.00, 58000, 2172, 2534),
(1, 8000.00, 8000.00, 8000, 2174, 2712),
(2, 130000.00, 260000.00, 130000, 2181, 2249),
(2, 38000.00, 76000.00, 38000, 2181, 2251),
(1, 86000.00, 86000.00, 86000, 2181, 2425),
(1, 60000.00, 60000.00, 60000, 2181, 2628),
(1, 8900.00, 8900.00, 8900, 2181, 2687),
(2, 20000.00, 40000.00, 20000, 2182, 2371),
(3, 8000.00, 24000.00, 8000, 2182, 2373),
(1, 49900.00, 49900.00, 49900, 2182, 2405),
(2, 18000.00, 36000.00, 18000, 2182, 2554),
(1, 20000.00, 20000.00, 20000, 2183, 2323),
(1, 60000.00, 60000.00, 60000, 2183, 2403),
(1, 110000.00, 110000.00, 110000, 2183, 2413),
(1, 63000.00, 63000.00, 63000, 2183, 2432),
(2, 5500.00, 11000.00, 5500, 2184, 2302),
(1, 130000.00, 130000.00, 130000, 2184, 2420),
(2, 3500.00, 7000.00, 3500, 2184, 2466),
(1, 110000.00, 110000.00, 110000, 2184, 2494),
(3, 15000.00, 45000.00, 15000, 2190, 2257),
(5, 11000.00, 55000.00, 11000, 2192, 2709),
(5, 200000.00, 1000000.00, 200000, 2197, 2296),
(2, 9500.00, 19000.00, 9500, 2201, 2278),
(1, 114000.00, 114000.00, 114000, 2201, 2318),
(1, 97000.00, 97000.00, 97000, 2201, 2480),
(1, 70000.00, 70000.00, 70000, 2202, 2355),
(1, 50000.00, 50000.00, 50000, 2202, 2457),
(1, 18500.00, 18500.00, 18500, 2202, 2475),
(1, 74404.00, 74404.00, 74404, 2202, 2781),
(1, 55000.00, 55000.00, 55000, 2203, 2151),
(1, 18500.00, 18500.00, 18500, 2203, 2185),
(2, 17000.00, 34000.00, 17000, 2203, 2354),
(2, 5000.00, 10000.00, 5000, 2203, 2578),
(1, 32875.00, 32875.00, 32875, 2203, 2725),
(1, 23000.00, 23000.00, 23000, 2205, 2439),
(1, 74500.00, 74500.00, 74500, 2205, 2533),
(1, 75600.00, 75600.00, 75600, 2205, 2625),
(1, 45000.00, 45000.00, 45000, 2205, 2660),
(1, 21000.00, 21000.00, 21000, 2208, 2210),
(1, 65000.00, 65000.00, 65000, 2208, 2412),
(2, 17000.00, 34000.00, 17000, 2208, 2447),
(1, 67000.00, 67000.00, 67000, 2208, 2653),
(2, 50000.00, 100000.00, 50000, 2222, 2374),
(4, 135000.00, 540000.00, 135000, 2228, 2612),
(5, 120000.00, 600000.00, 120000, 2241, 2175),
(5, 241000.00, 1205000.00, 241000, 2241, 2300),
(5, 114000.00, 570000.00, 114000, 2241, 2318),
(5, 100000.00, 500000.00, 100000, 2241, 2710),
(5, 120000.00, 600000.00, 120000, 2262, 2175),
(5, 175000.00, 875000.00, 175000, 2262, 2226),
(5, 114000.00, 570000.00, 114000, 2262, 2318),
(5, 86000.00, 430000.00, 86000, 2262, 2425),
(5, 100000.00, 500000.00, 100000, 2262, 2710),
(5, 75000.00, 375000.00, 75000, 2263, 2157),
(5, 95000.00, 475000.00, 95000, 2263, 2231),
(5, 98000.00, 490000.00, 98000, 2263, 2332),
(5, 157000.00, 785000.00, 157000, 2263, 2370),
(3, 29000.00, 87000.00, 29000, 2263, 2515),
(5, 74404.00, 372020.00, 74404, 2263, 2781);

-- --------------------------------------------------------

--
-- Struktur dari tabel `payment_methods`
--

CREATE TABLE `payment_methods` (
  `METHOD_ID` char(1) NOT NULL,
  `METHOD` varchar(10) NOT NULL
) ENGINE=InnoDB DEFAULT CHARSET=utf8mb4 COLLATE=utf8mb4_general_ci;

--
-- Dumping data untuk tabel `payment_methods`
--

INSERT INTO `payment_methods` (`METHOD_ID`, `METHOD`) VALUES
('1', 'Tunai'),
('2', 'Transfer'),
('3', 'QRIS');

-- --------------------------------------------------------

--
-- Struktur dari tabel `products`
--

CREATE TABLE `products` (
  `PRODUCT_ID` int(11) NOT NULL,
  `PRODUCT_NAME` varchar(40) NOT NULL,
  `PRICE` int(11) NOT NULL,
  `CATEGORY_ID` char(2) NOT NULL,
  `CREATED_AT` date NOT NULL,
  `CREATED_BY` varchar(40) NOT NULL,
  `UPDATED_AT` date NOT NULL,
  `UPDATED_BY` varchar(40) NOT NULL,
  `STOCK` int(11) DEFAULT NULL,
  `IMAGE` varchar(255) DEFAULT NULL
) ENGINE=InnoDB DEFAULT CHARSET=utf8mb4 COLLATE=utf8mb4_general_ci;

--
-- Dumping data untuk tabel `products`
--

INSERT INTO `products` (`PRODUCT_ID`, `PRODUCT_NAME`, `PRICE`, `CATEGORY_ID`, `CREATED_AT`, `CREATED_BY`, `UPDATED_AT`, `UPDATED_BY`, `STOCK`, `IMAGE`) VALUES
(2129, 'Le Mineral 600 L', 3000, 'MN', '2025-10-31', 'papa', '2025-11-16', 'KASIR_3A', 97, NULL),
(2130, 'Indomie Goreng 85 Gram', 3500, 'MK', '2025-10-31', 'papa', '2025-11-16', 'KASIR_3A', 91, NULL),
(2131, 'Oishi Snack Popcorn Karamel 100 Mg', 18000, 'MK', '2025-10-31', 'papa', '2025-11-16', 'papa', 100, NULL),
(2132, 'Abc Kecap Manis 520ml', 25000, 'BK', '2025-10-31', 'papa', '2025-11-16', 'KASIR_3A', 60, NULL),
(2133, 'Parutan Serbaguna', 18000, 'AM', '2025-10-31', 'papa', '2025-11-16', 'papa', 100, NULL),
(2134, 'Kelinci Mini Lop (Usia 3 Bulan)', 200000, 'HP', '2025-10-31', 'papa', '2025-11-16', 'KASIR_3A', 87, NULL),
(2135, 'Kenko Pulpen Gel 2 Pcs', 10000, 'AT', '2025-10-31', 'papa', '2025-11-16', 'KASIR_3A', 95, NULL),
(2136, 'Pena Pilot Hi-Tec-C 0,4mm', 24000, 'AT', '2025-10-31', 'papa', '2025-11-16', 'KASIR_3C', 99, NULL),
(2137, 'Sunlight Jeruk Nipis 700 Ml', 13500, 'SC', '2025-10-31', 'papa', '2025-11-16', 'papa', 100, NULL),
(2138, 'Keripik Kentang Kusuka 180g', 13000, 'MK', '2025-10-31', 'papa', '2025-11-16', 'KASIR_3B', 86, NULL),
(2139, 'La Fonte Spaghetti-10  225g', 11000, 'BK', '2025-10-31', 'papa', '2025-11-16', 'KASIR_3A', 93, NULL),
(2140, 'Pocari Sweat 350 Ml', 7000, 'MN', '2025-10-31', 'papa', '2025-11-16', 'KASIR_3D', 100, NULL),
(2141, 'Salonpas (Isi 10 Lembar)', 10000, 'SC', '2025-10-31', 'papa', '2025-11-16', 'papa', 100, NULL),
(2142, 'Kecap Bango Refill 950g', 30000, 'BK', '2025-10-31', 'papa', '2025-11-16', 'KASIR_3A', 99, NULL),
(2143, 'Eyelash Curler', 28000, 'AC', '2025-10-31', 'papa', '2025-11-16', 'KASIR_3A', 87, NULL),
(2144, 'Good Day Originale Cappuccino', 7000, 'MN', '2025-10-31', 'papa', '2025-11-16', 'KASIR_3A', 84, NULL),
(2145, 'Indomilk Full Cream 1l', 24000, 'MN', '2025-10-31', 'papa', '2025-11-16', 'KASIR_3A', 85, NULL),
(2146, 'Sabun Lifebuoy Total 10 110g', 5500, 'MN', '2025-10-31', 'papa', '2025-11-16', 'papa', 100, NULL),
(2147, 'Sendok Stainless Steel', 6000, 'AK', '2025-10-31', 'papa', '2025-11-16', 'papa', 100, NULL),
(2148, 'Harmony Sabun Mandi Batang Grape 70g', 4000, 'AD', '2025-10-31', 'papa', '2025-11-16', 'KASIR_3A', 91, NULL),
(2149, 'Listerine Mouthwash Antiseptic 250ml', 27500, 'AD', '2025-10-31', 'papa', '2025-11-16', 'KASIR_3C', 99, NULL),
(2150, 'Face Wash Brightening Kahf', 39000, 'SC', '2025-10-31', 'papa', '2025-11-16', 'KASIR_3C', 89, NULL),
(2151, 'Nutella Cokelat Hazelnut Spread 350g', 55000, 'MK', '2025-10-31', 'papa', '2025-11-16', 'KASIR_3B', 90, NULL),
(2152, 'Air Putih Ribath 600 Ml', 23000, 'MN', '2025-10-31', 'papa', '2025-11-16', 'KASIR_3D', 39, NULL),
(2153, 'Spons Makeup', 8000, 'AC', '2025-10-31', 'papa', '2025-11-16', 'KASIR_3C', 99, NULL),
(2154, 'Hi-Pro-Vite Pakan Ayam 1kg', 20000, 'HP', '2025-10-31', 'papa', '2025-11-16', 'KASIR_3C', 98, NULL),
(2155, 'Ichitan Thai Tea 300 Ml', 9000, 'MN', '2025-10-31', 'papa', '2025-11-16', 'papa', 100, NULL),
(2156, 'Tepung Terigu Segitiga Biru 1kg', 20000, 'BK', '2025-10-31', 'papa', '2025-11-16', 'papa', 100, NULL),
(2157, 'Boneka Labubu', 75000, 'MA', '2025-10-31', 'papa', '2025-11-16', 'KASIR_3B', 47, NULL),
(2158, 'Seblak', 20000, 'MK', '2025-10-31', 'papa', '2025-11-16', 'KASIR_3A', 97, NULL),
(2159, 'Rinso Cair 750ml', 20000, 'SC', '2025-10-31', 'papa', '2025-11-16', 'papa', 100, NULL),
(2160, 'Masker Sheet Kolagen & Vitamin C', 35000, 'AC', '2025-10-31', 'papa', '2025-11-16', 'KASIR_3A', 95, NULL),
(2161, 'Rubik’S Cube Original 3x3', 55000, 'MA', '2025-10-31', 'papa', '2025-11-16', 'KASIR_3D', 95, NULL),
(2162, 'Hufagrip 60ml', 18000, 'OB', '2025-10-31', 'papa', '2025-11-16', 'KASIR_3A', 95, NULL),
(2163, 'Isoplas 350ml', 4600, 'MN', '2025-10-31', 'papa', '2025-11-16', 'KASIR_3D', 99, NULL),
(2164, 'Paracetamol 10 Tablet', 7000, 'OB', '2025-10-31', 'papa', '2025-11-16', 'KASIR_3A', 95, NULL),
(2165, 'Sampo Lifebuoy 170ml', 18000, 'AD', '2025-10-31', 'papa', '2025-11-16', 'papa', 100, NULL),
(2166, 'Saten Kara', 8000, 'BK', '2025-10-31', 'papa', '2025-11-16', 'PAPA', 95, NULL),
(2167, 'Tech Deck Finggerboard Santa Cruz Series', 60000, 'MA', '2025-10-31', 'papa', '2025-11-16', 'KASIR_3A', 89, NULL),
(2168, 'Vaseline Lip Therapy Balm Stick 5g', 22000, 'AC', '2025-10-31', 'papa', '2025-11-16', 'KASIR_3D', 97, NULL),
(2169, 'Rinso Deterjen Rose Fresh 770g', 21000, 'SC', '2025-10-31', 'papa', '2025-11-16', 'PAPA', 100, NULL),
(2170, 'Face Wash Ms Glow 100 Ml', 70000, 'AD', '2025-10-31', 'papa', '2025-11-16', 'KASIR_3A', 80, NULL),
(2171, 'Combantrin Cair 10ml', 22000, 'OB', '2025-10-31', 'papa', '2025-11-16', 'KASIR_3D', 93, NULL),
(2172, 'Pensil 2b Faber-Castell 1pack - 12pcs', 50000, 'AT', '2025-10-31', 'papa', '2025-11-16', 'KASIR_3C', 94, NULL),
(2173, 'Nugget Ayam Fiesta 250g', 25000, 'MK', '2025-10-31', 'papa', '2025-11-16', 'PAPA', 90, NULL),
(2174, 'Sereal Koko Krunch 170 Gram', 25000, 'MK', '2025-10-31', 'papa', '2025-11-16', 'papa', 100, NULL),
(2175, 'Beras Rojo Lele', 120000, 'BK', '2025-10-31', 'papa', '2025-11-16', 'KASIR_3B', 24, NULL),
(2176, 'Sajiku Tepung Bumbu', 3000, 'BK', '2025-10-31', 'papa', '2025-11-16', 'PAPA', 100, NULL),
(2177, 'Obh Combi Anak', 21000, 'OB', '2025-10-31', 'papa', '2025-11-16', 'papa', 100, NULL),
(2178, 'Proris  Ibuprofen 60 Ml', 28000, 'OB', '2025-10-31', 'papa', '2025-11-16', 'papa', 100, NULL),
(2179, 'Kahf 50nl', 40000, 'AC', '2025-10-31', 'papa', '2025-11-16', 'KASIR_3A', 91, NULL),
(2180, 'Notebook Death Note', 60000, 'AT', '2025-10-31', 'papa', '2025-11-16', 'KASIR_3A', 95, NULL),
(2181, 'Ladaku Paprika Bubuk 2.5gram', 2500, 'BM', '2025-10-31', 'papa', '2025-11-16', 'KASIR_3A', 91, NULL),
(2182, 'Mie Instan Indomie Goreng', 3500, 'BK', '2025-10-31', 'papa', '2025-11-16', 'KASIR_3D', 86, NULL),
(2183, 'Susu Boneeto 685 Gr Choco', 79000, 'MN', '2025-10-31', 'papa', '2025-11-16', 'KASIR_3C', 99, NULL),
(2184, 'Lip Balm Nivea 5gr', 35000, 'AC', '2025-10-31', 'papa', '2025-11-16', 'KASIR_3A', 93, NULL),
(2185, 'Ultra Milk Full Cream 1 Liter', 18500, 'MN', '2025-10-31', 'papa', '2025-11-16', 'KASIR_3B', 87, NULL),
(2186, 'Fruit Tea Freeze 350 Ml', 4000, 'MN', '2025-10-31', 'papa', '2025-11-16', 'KASIR_3D', 81, NULL),
(2187, 'Telur Ayam Negeri (1 Kg)', 28000, 'MK', '2025-10-31', 'papa', '2025-11-16', 'KASIR_3C', 96, NULL),
(2188, 'Boneka Beruang Kecil', 45000, 'MA', '2025-10-31', 'papa', '2025-11-16', 'KASIR_3A', 97, NULL),
(2189, 'Sabun Cuci Piring Ekonomi 650ml', 12500, 'SC', '2025-10-31', 'papa', '2025-11-16', 'papa', 100, NULL),
(2190, 'Indomie Goreng Aceh', 3500, 'MK', '2025-10-31', 'papa', '2025-11-16', 'KASIR_3A', 65, NULL),
(2191, 'Sunscreen Wardah Spf 35', 31000, 'AC', '2025-10-31', 'papa', '2025-11-16', 'papa', 100, NULL),
(2192, 'Herbakof Sirup 60 Ml', 17500, 'OB', '2025-10-31', 'papa', '2025-11-16', 'KASIR_3A', 94, NULL),
(2193, 'Plastic Cup 12oz 50pcs', 21000, 'AK', '2025-10-31', 'papa', '2025-11-16', 'papa', 100, NULL),
(2194, 'Sabun Asepso Fresh Soap 80 Gr', 10000, 'AD', '2025-10-31', 'papa', '2025-11-16', 'KASIR_3A', 97, NULL),
(2195, 'Pond\'S Bb Magic Powder 50gr', 40500, 'AC', '2025-10-31', 'papa', '2025-11-16', 'papa', 100, NULL),
(2196, 'Ladaku Merica Bubuk Putih 250 Gram', 24000, 'BM', '2025-10-31', 'papa', '2025-11-16', 'KASIR_3B', 99, NULL),
(2197, 'Pukis', 10000, 'MK', '2025-10-31', 'papa', '2025-11-16', 'PAPA', 99, NULL),
(2198, 'Es Kepal Milo', 10000, 'MN', '2025-10-31', 'papa', '2025-11-16', 'KASIR_3A', 81, NULL),
(2199, 'Piattos Snack Kentang Korean Spicy 120 G', 15000, 'MK', '2025-10-31', 'papa', '2025-11-16', 'KASIR_3C', 92, NULL),
(2200, 'Buku Gambar', 5000, 'AT', '2025-10-31', 'papa', '2025-11-16', 'KASIR_3C', 81, NULL),
(2201, 'Lato-Lato', 5000, 'MA', '2025-10-31', 'papa', '2025-11-16', 'KASIR_3C', 100, NULL),
(2202, 'Downy 950ml', 34000, 'SC', '2025-10-31', 'papa', '2025-11-16', 'KASIR_3A', 91, NULL),
(2203, 'The Originote Serum', 20000, 'AC', '2025-10-31', 'papa', '2025-11-16', 'papa', 100, NULL),
(2204, 'Aspirin 500mg Per Tablet', 7000, 'OB', '2025-10-31', 'papa', '2025-11-16', 'KASIR_3D', 95, NULL),
(2205, 'Rc Offroad', 250000, 'MA', '2025-10-31', 'papa', '2025-11-16', 'KASIR_3D', 95, NULL),
(2206, 'Sania Beras Premium 5 Kg', 90000, 'BK', '2025-10-31', 'papa', '2025-11-16', 'KASIR_3D', 97, NULL),
(2207, 'Bodrexin', 50000, 'OB', '2025-10-31', 'papa', '2025-11-16', 'KASIR_3A', 72, NULL),
(2208, 'Kelereng', 1000, 'MA', '2025-10-31', 'papa', '2025-11-16', 'papa', 100, NULL),
(2209, 'Ambivent', 5000, 'OB', '2025-10-31', 'papa', '2025-11-16', 'KASIR_3A', 78, NULL),
(2210, 'Le Minerale Galon 15liter', 21000, 'MN', '2025-10-31', 'papa', '2025-11-16', 'KASIR_3B', 99, NULL),
(2211, 'Serum Wajah Glowmist Botanical', 120000, 'AC', '2025-10-31', 'papa', '2025-11-16', 'KASIR_3B', 99, NULL),
(2212, 'Susu Dancow Fortigro Sachet 27 Gram', 4000, 'MN', '2025-10-31', 'papa', '2025-11-16', 'papa', 100, NULL),
(2213, 'Tropicana Slim Selai Strawberry 375 G', 85900, 'MK', '2025-10-31', 'papa', '2025-11-16', 'KASIR_3A', 95, NULL),
(2214, 'Ichi Ocha Greean Tea 350 Ml', 2500, 'MN', '2025-10-31', 'papa', '2025-11-16', 'papa', 100, NULL),
(2215, 'Facewash Kahf 50ml', 29000, 'AD', '2025-10-31', 'papa', '2025-11-16', 'PAPA', 93, NULL),
(2216, 'Topeng Ironman', 15000, 'MA', '2025-10-31', 'papa', '2025-11-16', 'papa', 100, NULL),
(2217, 'Pensil 2b Faber-Castell', 5000, 'AT', '2025-10-31', 'papa', '2025-11-16', 'papa', 100, NULL),
(2218, 'Nabati Wafer Keju 50 G', 3000, 'MK', '2025-10-31', 'papa', '2025-11-16', 'KASIR_3A', 90, NULL),
(2219, 'Lego Ninja', 5000, 'MA', '2025-10-31', 'papa', '2025-11-16', 'papa', 100, NULL),
(2220, 'Mobil Remot Jeep', 225000, 'MA', '2025-10-31', 'papa', '2025-11-16', 'KASIR_3C', 96, NULL),
(2221, 'Sekoteng Jahe', 7000, 'MN', '2025-10-31', 'papa', '2025-11-16', 'papa', 100, NULL),
(2222, 'Detergen Sayang 260gr', 5000, 'SC', '2025-10-31', 'papa', '2025-11-16', 'KASIR_3A', 92, NULL),
(2223, 'Saus Sambal Abc 135ml', 22500, 'BM', '2025-10-31', 'papa', '2025-11-16', 'papa', 100, NULL),
(2224, 'Ayam Sambel Ijo', 12000, 'MK', '2025-10-31', 'papa', '2025-11-16', 'KASIR_3D', 72, NULL),
(2225, 'Friskies Pouch 80 Gr', 6000, 'HP', '2025-10-31', 'papa', '2025-11-16', 'KASIR_3A', 84, NULL),
(2226, 'Daging Ikan Salmon Grade 1 (1/2 Kg)', 175000, 'BK', '2025-10-31', 'papa', '2025-11-16', 'KASIR_3B', 22, NULL),
(2227, 'Bayam', 2000, 'BK', '2025-10-31', 'papa', '2025-11-16', 'papa', 100, NULL),
(2228, 'Diecast Mobil Vw Classic', 51700, 'MA', '2025-10-31', 'papa', '2025-11-16', 'PAPA', 100, NULL),
(2229, 'Teh Javana 350ml', 4000, 'MN', '2025-10-31', 'papa', '2025-11-16', 'papa', 100, NULL),
(2230, 'Rinso Anti Noda Detergen Bubuk 38 Gram', 1000, 'SC', '2025-10-31', 'papa', '2025-11-16', 'papa', 100, NULL),
(2231, 'Facetology Triple Care 30ml', 95000, 'AC', '2025-10-31', 'papa', '2025-11-16', 'KASIR_3B', 73, NULL),
(2232, 'Cheetos Snack Jagung Bakar Keju 120g', 12000, 'MK', '2025-10-31', 'papa', '2025-11-16', 'KASIR_3A', 70, NULL),
(2233, 'Deterjen Bubuk 500g', 15000, 'SC', '2025-10-31', 'papa', '2025-11-16', 'KASIR_3D', 98, NULL),
(2234, 'Es Red Felvet', 10000, 'MN', '2025-10-31', 'papa', '2025-11-16', 'KASIR_3A', 83, NULL),
(2235, 'Puzzle Kayu 3d Castlecraft', 145000, 'MA', '2025-10-31', 'papa', '2025-11-16', 'KASIR_3A', 92, NULL),
(2236, 'Heinz Saus Tomat Botol 325 G', 149000, 'BM', '2025-10-31', 'papa', '2025-11-16', 'KASIR_3A', 92, NULL),
(2237, 'Mama Lemon Daun Mint 680 Ml', 9100, 'SC', '2025-10-31', 'papa', '2025-11-16', 'KASIR_3D', 95, NULL),
(2238, 'Tos Tos Tortilla Chips Koream Bbq 140 G', 12300, 'MK', '2025-10-31', 'papa', '2025-11-16', 'KASIR_3A', 90, NULL),
(2239, 'Ultraflu', 10000, 'OB', '2025-10-31', 'papa', '2025-11-16', 'papa', 100, NULL),
(2240, 'Sabun Batang Nuvo', 3000, 'AD', '2025-10-31', 'papa', '2025-11-16', 'papa', 100, NULL),
(2241, 'Ale-Ale 125ml', 2000, 'MN', '2025-10-31', 'papa', '2025-11-16', 'KASIR_3A', 7, NULL),
(2242, 'Super Tetra 250 Mg 6 Kapsul', 11000, 'OB', '2025-10-31', 'papa', '2025-11-16', 'papa', 100, NULL),
(2243, 'Ladaku 3 Gr', 1000, 'BM', '2025-10-31', 'papa', '2025-11-16', 'papa', 100, NULL),
(2244, 'Sunlight Jeruk Nipis 400ml', 12000, 'SC', '2025-10-31', 'papa', '2025-11-16', 'papa', 100, NULL),
(2245, 'Pasir Wangi Markotop 6l', 45000, 'HP', '2025-10-31', 'papa', '2025-11-16', 'papa', 100, NULL),
(2246, 'Microfiber', 15000, 'AB', '2025-10-31', 'papa', '2025-11-16', 'papa', 100, NULL),
(2247, 'Buku Tulis Sidu', 5000, 'AT', '2025-10-31', 'papa', '2025-11-16', 'KASIR_3A', 98, NULL),
(2248, 'Whisk', 17000, 'AM', '2025-10-31', 'papa', '2025-11-16', 'PAPA', 92, NULL),
(2249, 'Hotwheels Euro Speed Bugatti Bolide', 130000, 'MA', '2025-10-31', 'papa', '2025-11-16', 'KASIR_3B', 82, NULL),
(2250, 'Sapu Ijuk', 10000, 'AB', '2025-10-31', 'papa', '2025-11-16', 'papa', 100, NULL),
(2251, 'Kikkoman Saus Teriyaki Botol 250 Ml', 38000, 'BM', '2025-10-31', 'papa', '2025-11-16', 'KASIR_3B', 98, NULL),
(2252, 'Teh Manis Hangat', 4000, 'MN', '2025-10-31', 'papa', '2025-11-16', 'papa', 100, NULL),
(2253, 'Hydro Coco Original 500ml', 16000, 'MN', '2025-10-31', 'papa', '2025-11-16', 'KASIR_3A', 98, NULL),
(2254, 'Sapu Lidi', 10000, 'AB', '2025-10-31', 'papa', '2025-11-16', 'PAPA', 95, NULL),
(2255, 'Jam_Ben10', 70000, 'MA', '2025-10-31', 'papa', '2025-11-16', 'KASIR_3A', 94, NULL),
(2256, 'Kara Santan Kelapa 65 Ml', 6000, 'BK', '2025-10-31', 'papa', '2025-11-16', 'KASIR_3A', 98, NULL),
(2257, 'Bola Plastik Kecil', 15000, 'MA', '2025-10-31', 'papa', '2025-11-16', 'KASIR_3D', 97, NULL),
(2258, 'Snowman Drawing Pen Warna Hitam 0.1', 15000, 'AT', '2025-10-31', 'papa', '2025-11-16', 'papa', 100, NULL),
(2259, 'Mizon 500 Ml', 4000, 'MN', '2025-10-31', 'papa', '2025-11-16', 'papa', 100, NULL),
(2260, 'Mister Potato Ghost Pepper 40g', 13500, 'MK', '2025-10-31', 'papa', '2025-11-16', 'papa', 100, NULL),
(2261, 'Teh Pucuk Harum 350 Ml', 6000, 'MN', '2025-10-31', 'papa', '2025-11-16', 'KASIR_3A', 98, NULL),
(2262, 'Handuk Microfiber Quickdry Xl', 89000, 'AD', '2025-10-31', 'papa', '2025-11-16', 'KASIR_3A', 79, NULL),
(2263, 'Diecast Pesawat', 90000, 'MA', '2025-10-31', 'papa', '2025-11-16', 'KASIR_3A', 85, NULL),
(2264, 'Mie Gaga Extra Pedas Kuah Jalapeno 75g', 7000, 'MK', '2025-10-31', 'papa', '2025-11-16', 'PAPA', 85, NULL),
(2265, 'Rubik Pyramid Mfjs Blackbase', 32000, 'MA', '2025-10-31', 'papa', '2025-11-16', 'papa', 100, NULL),
(2266, 'Tolak Angin Cair 15ml', 5000, 'OB', '2025-10-31', 'papa', '2025-11-16', 'papa', 100, NULL),
(2267, 'Frestea Jasmine 500 Ml', 6500, 'MN', '2025-10-31', 'papa', '2025-11-16', 'PAPA', 94, NULL),
(2268, 'Jinomoto Bumbu Kaldu Jamur 40g', 5000, 'BM', '2025-10-31', 'papa', '2025-11-16', 'PAPA', 94, NULL),
(2269, 'Piring Saji', 20000, 'AK', '2025-10-31', 'papa', '2025-11-16', 'papa', 100, NULL),
(2270, 'Hot Wheels Nissan Skyline Gt-R R34', 150000, 'MA', '2025-10-31', 'papa', '2025-11-16', 'KASIR_3C', 67, NULL),
(2271, 'Gasing Kayu', 5000, 'MA', '2025-10-31', 'papa', '2025-11-16', 'papa', 100, NULL),
(2272, 'Timbangan Dapur Digital 5 Kg', 80000, 'AM', '2025-10-31', 'papa', '2025-11-16', 'KASIR_3A', 95, NULL),
(2273, 'Shampoo Zinc ( Per Sachet)', 1000, 'AD', '2025-10-31', 'papa', '2025-11-16', 'PAPA', 95, NULL),
(2274, 'Krating Daeng 150ml', 6700, 'MN', '2025-10-31', 'papa', '2025-11-16', 'papa', 100, NULL),
(2275, 'Cimory Yogurt Drink Blueberry 250 Ml', 9000, 'MN', '2025-10-31', 'papa', '2025-11-16', 'KASIR_3A', 52, NULL),
(2276, 'Hair Powder', 80000, 'AB', '2025-10-31', 'papa', '2025-11-16', 'KASIR_3A', 94, NULL),
(2277, 'Mylanta 100 Ml', 52500, 'OB', '2025-10-31', 'papa', '2025-11-16', 'KASIR_3D', 93, NULL),
(2278, 'Chitato Lite Rumput Laut 68 Gram', 9500, 'MK', '2025-10-31', 'papa', '2025-11-16', 'KASIR_3B', 64, NULL),
(2279, 'Buku Tulis Sidu 38 Lembar', 4000, 'AT', '2025-10-31', 'papa', '2025-11-16', 'KASIR_3A', 82, NULL),
(2280, 'Teh Botol Sosro 350ml', 6000, 'MN', '2025-10-31', 'papa', '2025-11-16', 'papa', 100, NULL),
(2281, 'Sendok Stainless 1pcs', 5000, 'AK', '2025-10-31', 'papa', '2025-11-16', 'papa', 100, NULL),
(2282, 'Mizone Cranberry 500ml', 7000, 'MN', '2025-10-31', 'papa', '2025-11-16', 'papa', 100, NULL),
(2283, 'Gula Pasir 1kg', 17000, 'BK', '2025-10-31', 'papa', '2025-11-16', 'KASIR_3A', 83, NULL),
(2284, 'Super Mop 360° Stainless Bucket', 89000, 'AB', '2025-10-31', 'papa', '2025-11-16', 'papa', 100, NULL),
(2285, 'Pedigree (Pouch 130g)', 7000, 'HP', '2025-10-31', 'papa', '2025-11-16', 'papa', 100, NULL),
(2286, 'Binggrae Milk Strawberry 200ml', 20500, 'MN', '2025-10-31', 'papa', '2025-11-16', 'PAPA', 95, NULL),
(2287, 'Nescafe Mocha', 11000, 'MN', '2025-10-31', 'papa', '2025-11-16', 'KASIR_3A', 96, NULL),
(2288, 'Bodrex', 4000, 'OB', '2025-10-31', 'papa', '2025-11-16', 'KASIR_3A', 83, NULL),
(2289, 'Desaku Bumbu Marinasi Tempe 15g', 1000, 'BM', '2025-10-31', 'papa', '2025-11-16', 'KASIR_3D', 84, NULL),
(2290, 'Tramadol', 10000, 'OB', '2025-10-31', 'papa', '2025-11-16', 'KASIR_3A', 95, NULL),
(2291, 'Sasa Tepung Bumbu Ala Kentucky 250 G', 7500, 'BM', '2025-10-31', 'papa', '2025-11-16', 'papa', 100, NULL),
(2292, 'Nasi Lengko', 5000, 'MK', '2025-10-31', 'papa', '2025-11-16', 'papa', 100, NULL),
(2293, 'Sasa Tepung Bumbu Serba Guna 210g', 6000, 'BM', '2025-10-31', 'papa', '2025-11-16', 'papa', 100, NULL),
(2294, 'Kahf Facewash Oil And Acne Care 50ml', 23000, 'AC', '2025-10-31', 'papa', '2025-11-16', 'KASIR_3A', 91, NULL),
(2295, 'Tepung Bumbu Sajiku Golden Crispy 200g', 7900, 'BM', '2025-10-31', 'papa', '2025-11-16', 'PAPA', 100, NULL),
(2296, 'Spinner', 200000, 'MA', '2025-10-31', 'papa', '2025-11-16', 'KASIR_3D', 90, NULL),
(2297, 'Pulpen Standard Ae7 0.5', 2000, 'AT', '2025-10-31', 'papa', '2025-11-16', 'PAPA', 95, NULL),
(2298, 'Insto Obat Tetes Mata 7,5ml', 18000, 'OB', '2025-10-31', 'papa', '2025-11-16', 'papa', 100, NULL),
(2299, 'Lego City', 45000, 'MA', '2025-10-31', 'papa', '2025-11-16', 'KASIR_3B', 89, NULL),
(2300, 'Barbie Signature Looks Doll', 241000, 'MA', '2025-10-31', 'papa', '2025-11-16', 'KASIR_3B', 81, NULL),
(2301, 'Sprite Waterlymon Lemon Jeruk 425 Ml', 5000, 'MN', '2025-10-31', 'papa', '2025-11-16', 'KASIR_3A', 94, NULL),
(2302, 'Indomie Goreng Jumbo 126 Gr', 5500, 'MK', '2025-10-31', 'papa', '2025-11-16', 'KASIR_3B', 87, NULL),
(2303, 'Oskadon Sp', 6000, 'OB', '2025-10-31', 'papa', '2025-11-16', 'papa', 100, NULL),
(2304, 'Karambol 90cm X 90cm', 95000, 'MA', '2025-10-31', 'papa', '2025-11-16', 'KASIR_3A', 84, NULL),
(2305, 'Sajiku Nasi Goreng', 4000, 'BM', '2025-10-31', 'papa', '2025-11-16', 'papa', 100, NULL),
(2306, 'Nasi Kucing', 2000, 'MK', '2025-10-31', 'papa', '2025-11-16', 'PAPA', 100, NULL),
(2307, 'Sunlight Sabun Cuci Piring 420 Ml', 9000, 'SC', '2025-10-31', 'papa', '2025-11-16', 'KASIR_3C', 99, NULL),
(2308, 'Imboost Extra Vit C & D3 Isi 4 Kaplet', 25000, 'OB', '2025-10-31', 'papa', '2025-11-16', 'PAPA', 98, NULL),
(2309, 'Jangka Sorong Digital', 80000, 'AT', '2025-10-31', 'papa', '2025-11-16', 'KASIR_3D', 99, NULL),
(2310, 'Sari Roti Tawar 370 G', 14000, 'MK', '2025-10-31', 'papa', '2025-11-16', 'KASIR_3A', 95, NULL),
(2311, 'Peralatan Masak Mainan Mini', 60000, 'MA', '2025-10-31', 'papa', '2025-11-16', 'papa', 100, NULL),
(2312, 'Ketumbar Satu Ons', 3000, 'BM', '2025-10-31', 'papa', '2025-11-16', 'papa', 100, NULL),
(2313, 'Sunscreen Azarine Spf 35+ (30ml)', 45000, 'AC', '2025-10-31', 'papa', '2025-11-16', 'KASIR_3D', 99, NULL),
(2314, 'Painkiller 50g', 20000, 'OB', '2025-10-31', 'papa', '2025-11-16', 'KASIR_3D', 91, NULL),
(2315, 'Racik Instan Indofood Tumis 20g', 2500, 'BK', '2025-10-31', 'papa', '2025-11-16', 'papa', 100, NULL),
(2316, 'Hotwheels Porsche 911gt Blue', 25000, 'MA', '2025-10-31', 'papa', '2025-11-16', 'KASIR_3A', 89, NULL),
(2317, 'Cap Lang Minyak Kayu Putih 60 Ml', 28000, 'OB', '2025-10-31', 'papa', '2025-11-16', 'KASIR_3D', 78, NULL),
(2318, 'Balok Bangun Daan Angka', 114000, 'MA', '2025-10-31', 'papa', '2025-11-16', 'KASIR_3B', 77, NULL),
(2319, 'Susu Milo Kotak Coklat 180ml', 7000, 'MN', '2025-10-31', 'papa', '2025-11-16', 'PAPA', 100, NULL),
(2320, 'Garnier Micellar Water 125 Ml', 45000, 'AC', '2025-10-31', 'papa', '2025-11-16', 'KASIR_3A', 78, NULL),
(2321, 'Royco 1 Renceng (12 Sachet)', 10000, 'BM', '2025-10-31', 'papa', '2025-11-16', 'papa', 100, NULL),
(2322, 'Mie Sedapa Goreng Original', 3500, 'MK', '2025-10-31', 'papa', '2025-11-16', 'papa', 100, NULL),
(2323, 'Clay Slime', 20000, 'MA', '2025-10-31', 'papa', '2025-11-16', 'KASIR_3B', 88, NULL),
(2324, 'Bumbu Instan Rendang', 7000, 'BM', '2025-10-31', 'papa', '2025-11-16', 'KASIR_3A', 85, NULL),
(2325, 'Sunlight Sabun Cuci Piring 400 Ml', 11000, 'AB', '2025-10-31', 'papa', '2025-11-16', 'PAPA', 95, NULL),
(2326, 'Puzzle 500 Pcs Panorama Kota Malam', 70000, 'MA', '2025-10-31', 'papa', '2025-11-16', 'papa', 100, NULL),
(2327, 'Sabun Muka Kahf', 45000, 'AC', '2025-10-31', 'papa', '2025-11-16', 'papa', 100, NULL),
(2328, 'Handbody Vaseline 200ml', 30000, 'AC', '2025-10-31', 'papa', '2025-11-16', 'PAPA', 100, NULL),
(2329, 'Sunscreen Skintific 200ml', 30000, 'AC', '2025-10-31', 'papa', '2025-11-16', 'papa', 100, NULL),
(2330, 'Oatside Oat Milk 200ml', 6000, 'MN', '2025-10-31', 'papa', '2025-11-16', 'KASIR_3D', 97, NULL),
(2331, 'Becom-Zet', 25000, 'OB', '2025-10-31', 'papa', '2025-11-16', 'KASIR_3A', 94, NULL),
(2332, 'Emina Daily Matte Cushion C01 Light', 98000, 'AC', '2025-10-31', 'papa', '2025-11-16', 'KASIR_3B', 77, NULL),
(2333, 'Racik Tempe Goreng', 3000, 'BM', '2025-10-31', 'papa', '2025-11-16', 'PAPA', 100, NULL),
(2334, 'Sabun Lifebouy 100gram', 20000, 'AD', '2025-10-31', 'papa', '2025-11-16', 'papa', 100, NULL),
(2335, 'Teh Sariwangi Kotak Isi 25 Kantong', 16000, 'MN', '2025-10-31', 'papa', '2025-11-16', 'papa', 100, NULL),
(2336, 'Cap Lang Minyak Telon Lang 150ml', 53000, 'OB', '2025-10-31', 'papa', '2025-11-16', 'KASIR_3A', 62, NULL),
(2337, 'Handsaplas', 1000, 'OB', '2025-10-31', 'papa', '2025-11-16', 'PAPA', 95, NULL),
(2338, 'Kopi Luwak White ( 1 Renteng)', 15000, 'MN', '2025-10-31', 'papa', '2025-11-16', 'KASIR_3A', 91, NULL),
(2339, 'Jahe 1 Kg', 12000, 'BM', '2025-10-31', 'papa', '2025-11-16', 'KASIR_3D', 94, NULL),
(2340, 'Crayon 3 Warna', 6000, 'AT', '2025-10-31', 'papa', '2025-11-16', 'KASIR_3A', 94, NULL),
(2341, 'Tepung Terigu Tapioka 1kg', 12000, 'BK', '2025-10-31', 'papa', '2025-11-16', 'papa', 100, NULL),
(2342, 'Kartu Uno', 15000, 'MA', '2025-10-31', 'papa', '2025-11-16', 'KASIR_3D', 100, NULL),
(2343, 'Kahf Acne Care Face Wash', 20000, 'AC', '2025-10-31', 'papa', '2025-11-16', 'papa', 100, NULL),
(2344, 'Ketumbar Bubuk 15 Gram Desaku', 1000, 'BM', '2025-10-31', 'papa', '2025-11-16', 'papa', 100, NULL),
(2345, 'Pensil Fabercastell 100gram', 3000, 'AT', '2025-10-31', 'papa', '2025-11-16', 'papa', 100, NULL),
(2346, 'Sendok Garpu Kayu Premium (1 Set Isi 2)', 30000, 'AK', '2025-10-31', 'papa', '2025-11-16', 'KASIR_3A', 96, NULL),
(2347, 'Robot Giga 7 Series', 180000, 'MA', '2025-10-31', 'papa', '2025-11-16', 'KASIR_3A', 88, NULL),
(2348, 'Sajiku Serbaguna 75 Gram', 2500, 'BM', '2025-10-31', 'papa', '2025-11-16', 'papa', 100, NULL),
(2349, 'Rautan Pensil Putar Unik', 15000, 'AT', '2025-10-31', 'papa', '2025-11-16', 'papa', 100, NULL),
(2350, 'Extrajoss Ultimate 250 Ml', 7000, 'MN', '2025-10-31', 'papa', '2025-11-16', 'KASIR_3C', 85, NULL),
(2351, 'Oishi Sponge Crunch 100 G', 12000, 'MK', '2025-10-31', 'papa', '2025-11-16', 'papa', 100, NULL),
(2352, 'Inamid', 10000, 'OB', '2025-10-31', 'papa', '2025-11-16', 'KASIR_3A', 97, NULL),
(2353, 'Sanmol Paracetamol 500 Mg 4 Tablet', 4000, 'OB', '2025-10-31', 'papa', '2025-11-16', 'papa', 100, NULL),
(2354, 'Gula Pasir Gulaku 1 Kg', 17000, 'BK', '2025-10-31', 'papa', '2025-11-16', 'KASIR_3B', 82, NULL),
(2355, 'Eyes Shadow Merk Hanasui', 70000, 'AC', '2025-10-31', 'papa', '2025-11-16', 'KASIR_3B', 91, NULL),
(2356, 'You C1000 Lemon Water 500 Ml', 15000, 'MN', '2025-10-31', 'papa', '2025-11-16', 'KASIR_3A', 90, NULL),
(2357, 'Faber-Castell Pensil 2b 12pcs', 30000, 'AT', '2025-10-31', 'papa', '2025-11-16', 'KASIR_3A', 92, NULL),
(2358, 'Pensi Joyko 2b 1 Pcs', 4000, 'AT', '2025-10-31', 'papa', '2025-11-16', 'papa', 100, NULL),
(2359, 'Sabun Aspro (Batangan)', 3000, 'AD', '2025-10-31', 'papa', '2025-11-16', 'papa', 100, NULL),
(2360, 'Adem Sari Herbal Lemon 350ml', 7000, 'MN', '2025-10-31', 'papa', '2025-11-16', 'KASIR_3A', 42, NULL),
(2361, 'Smoothies', 15000, 'MN', '2025-10-31', 'papa', '2025-11-16', 'papa', 100, NULL),
(2362, 'Mama Lemon', 18000, 'SC', '2025-10-31', 'papa', '2025-11-16', 'KASIR_3A', 97, NULL),
(2363, 'Teh Kotak 250ml', 4000, 'MN', '2025-10-31', 'papa', '2025-11-16', 'PAPA', 95, NULL),
(2364, 'Alat Cukur Gilette Blue Ii Plus', 15000, 'AD', '2025-10-31', 'papa', '2025-11-16', 'KASIR_3A', 52, NULL),
(2365, 'Daia Deterjen Bubuk 900gr', 17000, 'SC', '2025-10-31', 'papa', '2025-11-16', 'KASIR_3A', 99, NULL),
(2366, 'Diapet', 4000, 'OB', '2025-10-31', 'papa', '2025-11-16', 'KASIR_3A', 95, NULL),
(2367, 'Congklak', 20000, 'MA', '2025-10-31', 'papa', '2025-11-16', 'KASIR_3A', 94, NULL),
(2368, 'Daia Detergent Bubuk Putih 2.7kg', 45500, 'SC', '2025-10-31', 'papa', '2025-11-16', 'KASIR_3A', 86, NULL),
(2369, 'Momotaro Kukis 45gr', 4000, 'MK', '2025-10-31', 'papa', '2025-11-16', 'papa', 100, NULL),
(2370, 'Drone E88pro 4k Ultra Hd', 157000, 'MA', '2025-10-31', 'papa', '2025-11-16', 'KASIR_3B', 73, NULL),
(2371, 'Susu Ultra Milk Full Cream 1 Liter', 20000, 'MN', '2025-10-31', 'papa', '2025-11-16', 'KASIR_3B', 92, NULL),
(2372, 'Sosis Hemato 500g', 17500, 'MK', '2025-10-31', 'papa', '2025-11-16', 'KASIR_3D', 95, NULL),
(2373, 'You-C1000 Orange 140ml', 8000, 'MN', '2025-10-31', 'papa', '2025-11-16', 'KASIR_3B', 89, NULL),
(2374, 'Enervon C 500 Mg 30 Tablet Vitamin C', 50000, 'OB', '2025-10-31', 'papa', '2025-11-16', 'KASIR_3D', 89, NULL),
(2375, 'Pocky Cookies & Cream', 7000, 'MK', '2025-10-31', 'papa', '2025-11-16', 'KASIR_3A', 96, NULL),
(2376, 'Pasir Kucing 5liter', 35000, 'HP', '2025-10-31', 'papa', '2025-11-16', 'papa', 100, NULL),
(2377, 'Maskara Xi Xiu', 25000, 'AC', '2025-10-31', 'papa', '2025-11-16', 'PAPA', 90, NULL),
(2378, 'Sendok Plastik (Isi 12 Pasang)', 10000, 'AK', '2025-10-31', 'papa', '2025-11-16', 'papa', 100, NULL),
(2379, 'Sunlight Jeruk Nipis 400 Ml', 10000, 'SC', '2025-10-31', 'papa', '2025-11-16', 'papa', 100, NULL),
(2380, 'Sabun Mandi Lifebuoy 100g', 6500, 'AD', '2025-10-31', 'papa', '2025-11-16', 'papa', 100, NULL),
(2381, 'Sikat Gigi Pepsodent', 7000, 'AD', '2025-10-31', 'papa', '2025-11-16', 'papa', 100, NULL),
(2382, 'Nipis Madu 330ml', 6000, 'MN', '2025-10-31', 'papa', '2025-11-16', 'KASIR_3D', 97, NULL),
(2383, 'Paracetamol 500mg Strip', 5000, 'OB', '2025-10-31', 'papa', '2025-11-16', 'KASIR_3A', 97, NULL),
(2384, 'Bumbu Ikan Goreng Sajiku 18gram', 2000, 'BM', '2025-10-31', 'papa', '2025-11-16', 'KASIR_3A', 84, NULL),
(2385, 'Lifebuoy Shampoo Rambut Rontok 170 Ml', 20000, 'AD', '2025-10-31', 'papa', '2025-11-16', 'KASIR_3C', 94, NULL),
(2386, 'Indomie Goreng Sambel Ijo', 3500, 'MK', '2025-10-31', 'papa', '2025-11-16', 'KASIR_3A', 75, NULL),
(2387, 'Kahf Coklat', 47000, 'AD', '2025-10-31', 'papa', '2025-11-16', 'KASIR_3A', 86, NULL),
(2388, 'Lego Ular Chokun Snake Ninjago', 50000, 'MA', '2025-10-31', 'papa', '2025-11-16', 'KASIR_3C', 98, NULL),
(2389, 'Tolakangin Cair 15 Ml', 4000, 'OB', '2025-10-31', 'papa', '2025-11-16', 'papa', 100, NULL),
(2390, 'Mobil Truck', 35000, 'MA', '2025-10-31', 'papa', '2025-11-16', 'PAPA', 95, NULL),
(2391, 'Mie Ayam Bakso Ceker', 15000, 'MK', '2025-10-31', 'papa', '2025-11-16', 'KASIR_3A', 89, NULL),
(2392, 'Pasir Wangi Tofu', 45000, 'HP', '2025-10-31', 'papa', '2025-11-16', 'KASIR_3C', 98, NULL),
(2393, 'Bumbu Bamboe Gudeg 150g', 24000, 'BM', '2025-10-31', 'papa', '2025-11-16', 'KASIR_3A', 76, NULL),
(2394, 'Kemiri', 3000, 'BM', '2025-10-31', 'papa', '2025-11-16', 'PAPA', 100, NULL),
(2395, 'Masako Sapi Satu Renceng', 5000, 'BM', '2025-10-31', 'papa', '2025-11-16', 'papa', 100, NULL),
(2396, 'Soklin Lantai 25ml', 2000, 'AB', '2025-10-31', 'papa', '2025-11-16', 'papa', 100, NULL),
(2397, 'Bumbu Racik Indofood Sayur Sop 20g', 3000, 'BM', '2025-10-31', 'papa', '2025-11-16', 'KASIR_3D', 83, NULL),
(2398, 'Kapas Wajah', 5000, 'AC', '2025-10-31', 'papa', '2025-11-16', 'KASIR_3A', 97, NULL),
(2399, 'Teflon Fry Pan 20cm', 30625, 'AM', '2025-10-31', 'papa', '2025-11-16', 'papa', 100, NULL),
(2400, 'Susu Uht Ultra Milk Coklat (1 Liter)', 19000, 'MN', '2025-10-31', 'papa', '2025-11-16', 'KASIR_3A', 89, NULL),
(2401, 'Ayam Geprek', 10000, 'MK', '2025-10-31', 'papa', '2025-11-16', 'KASIR_3A', 32, NULL),
(2402, 'Silverqueen Cashew Milk Chocolate 65gr', 180000, 'MK', '2025-10-31', 'papa', '2025-11-16', 'KASIR_3B', 97, NULL),
(2403, 'Ecentio Kotak Makan 3 Grid 1100ml', 60000, 'AK', '2025-10-31', 'papa', '2025-11-16', 'KASIR_3B', 77, NULL),
(2404, 'Body Lotion Vaseline', 40000, 'AC', '2025-10-31', 'papa', '2025-11-16', 'KASIR_3B', 88, NULL),
(2405, 'Fiesta French Fries Shoestring 1kg', 49900, 'MK', '2025-10-31', 'papa', '2025-11-16', 'KASIR_3B', 85, NULL),
(2406, 'Lifebouy Sabun Cair 450ml', 22000, 'BM', '2025-10-31', 'papa', '2025-11-16', 'PAPA', 95, NULL),
(2407, 'Mie Gacoan Level 8', 1100, 'MK', '2025-10-31', 'papa', '2025-11-16', 'KASIR_3A', 87, NULL),
(2408, 'Sapu Lantai', 17000, 'AB', '2025-10-31', 'papa', '2025-11-16', 'papa', 100, NULL),
(2409, 'Sabun Mandi Lifebuoy', 8000, 'AD', '2025-10-31', 'papa', '2025-11-16', 'KASIR_3D', 95, NULL),
(2410, 'Oreo Vanilla 137 G', 7000, 'MK', '2025-10-31', 'papa', '2025-11-16', 'papa', 100, NULL),
(2411, 'Sikat Wc', 17000, 'AB', '2025-10-31', 'papa', '2025-11-16', 'papa', 100, NULL),
(2412, 'Sunscreen Wardah 50 Spf', 65000, 'AC', '2025-10-31', 'papa', '2025-11-16', 'KASIR_3B', 94, NULL),
(2413, 'Elformula Moisturizer Gel', 110000, 'AC', '2025-10-31', 'papa', '2025-11-16', 'KASIR_3B', 72, NULL),
(2414, 'Sikat Lantai Vixal', 18000, 'AB', '2025-10-31', 'papa', '2025-11-16', 'papa', 100, NULL),
(2415, 'Sabun Piring Sunlight Jeruk Nipis 210 Ml', 9500, 'SC', '2025-10-31', 'papa', '2025-11-16', 'papa', 100, NULL),
(2416, 'Sabun Shinzui Kensho 85 Gram', 7000, 'AD', '2025-10-31', 'papa', '2025-11-16', 'KASIR_3A', 95, NULL),
(2417, 'Shampoo Clear Anti Ketombe 70 Ml', 23000, 'AD', '2025-10-31', 'papa', '2025-11-16', 'KASIR_3D', 100, NULL),
(2418, 'Uno Card', 15000, 'MA', '2025-10-31', 'papa', '2025-11-16', 'KASIR_3D', 89, NULL),
(2419, 'Aquaviva 250ml', 2500, 'MN', '2025-10-31', 'papa', '2025-11-16', 'KASIR_3A', 64, NULL),
(2420, 'Nescafe Gold 100 G', 130000, 'MN', '2025-10-31', 'papa', '2025-11-16', 'KASIR_3B', 97, NULL),
(2421, 'Kecap Manis Abc 600ml', 20000, 'BM', '2025-10-31', 'papa', '2025-11-16', 'KASIR_3D', 99, NULL),
(2422, 'Fermipan', 6500, 'BK', '2025-10-31', 'papa', '2025-11-16', 'KASIR_3A', 99, NULL),
(2423, 'Teh Pucuk 350ml', 5000, 'MN', '2025-10-31', 'papa', '2025-11-16', 'KASIR_3D', 98, NULL),
(2424, 'Sania Minyak Goreng Sawit Premium 2 L', 32500, 'BK', '2025-10-31', 'papa', '2025-11-16', 'KASIR_3D', 97, NULL),
(2425, 'Beras Ramos 5kg', 86000, 'BM', '2025-10-31', 'papa', '2025-11-16', 'KASIR_3B', 59, NULL),
(2426, 'Masako Rasa Sapi 12 Saset', 5000, 'BM', '2025-10-31', 'papa', '2025-11-16', 'papa', 100, NULL),
(2427, 'Spageti Carbonara', 40000, 'MK', '2025-10-31', 'papa', '2025-11-16', 'KASIR_3A', 97, NULL),
(2428, 'Oatside Barista Blend 200ml', 7500, 'MN', '2025-10-31', 'papa', '2025-11-16', 'papa', 100, NULL),
(2429, 'Hot Wheels Fast & Forious 2025', 59900, 'MA', '2025-10-31', 'papa', '2025-11-16', 'KASIR_3A', 84, NULL),
(2430, 'Ayam Penyet Sambel Ijo', 15000, 'MK', '2025-10-31', 'papa', '2025-11-16', 'KASIR_3D', 80, NULL),
(2431, 'Nabati Coklat  39gr', 2000, 'MK', '2025-10-31', 'papa', '2025-11-16', 'PAPA', 96, NULL),
(2432, 'Faber-Castlell Pensil Warna Clasic 24pcs', 63000, 'AT', '2025-10-31', 'papa', '2025-11-16', 'KASIR_3B', 79, NULL),
(2433, 'Pocari Sweat 500ml', 8000, 'MN', '2025-10-31', 'papa', '2025-11-16', 'KASIR_3A', 95, NULL),
(2434, 'Pulpen Gel Pilot G-2 (0.7mm) Hitam', 18000, 'AT', '2025-10-31', 'papa', '2025-11-16', 'KASIR_3A', 92, NULL),
(2435, 'Mefenamic Acid', 15000, 'OB', '2025-10-31', 'papa', '2025-11-16', 'papa', 100, NULL),
(2436, 'Isi Kertas File Binder 50 Lembar', 4900, 'AT', '2025-10-31', 'papa', '2025-11-16', 'KASIR_3A', 95, NULL),
(2437, 'Diri	Rexona Deodorant Roll On 45 Ml', 7000, 'AC', '2025-10-31', 'papa', '2025-11-16', 'KASIR_3D', 95, NULL),
(2438, 'Ladaku Bubuk 100 Gram', 43000, 'BM', '2025-10-31', 'papa', '2025-11-16', 'papa', 100, NULL),
(2439, 'Toner Npure Acne Face 30ml', 23000, 'AC', '2025-10-31', 'papa', '2025-11-16', 'KASIR_3B', 99, NULL),
(2440, 'Indofood Racik Opor Ayam 45 G', 5000, 'BM', '2025-10-31', 'papa', '2025-11-16', 'papa', 100, NULL),
(2441, 'Mefenamic Acid 500mg', 7000, 'OB', '2025-10-31', 'papa', '2025-11-16', 'KASIR_3D', 99, NULL),
(2442, 'Nasi Telor', 8000, 'MK', '2025-10-31', 'papa', '2025-11-16', 'papa', 100, NULL),
(2443, 'Tepung Organik Mix Oat & Almond 1kg', 68000, 'BK', '2025-10-31', 'papa', '2025-11-16', 'PAPA', 100, NULL),
(2444, 'Spatula Penggoreng 147', 16000, 'AM', '2025-10-31', 'papa', '2025-11-16', 'papa', 100, NULL),
(2445, 'Susu Uht Ultra Milk Cokelat 250 Ml', 7000, 'MN', '2025-10-31', 'papa', '2025-11-16', 'papa', 100, NULL),
(2446, 'Mama Lemon 1500ml', 20000, 'SC', '2025-10-31', 'papa', '2025-11-16', 'PAPA', 95, NULL),
(2447, 'Gelas Kaca Ikea Pokal 35cl', 17000, 'AK', '2025-10-31', 'papa', '2025-11-16', 'KASIR_3B', 95, NULL),
(2448, 'Arcoxia 90mg', 24529, 'OB', '2025-10-31', 'papa', '2025-11-16', 'KASIR_3A', 94, NULL),
(2449, 'Masako Persachet 8,5gram', 1300, 'BM', '2025-10-31', 'papa', '2025-11-16', 'papa', 100, NULL),
(2450, 'Pedigree Adult Chicken 500gr', 32000, 'HP', '2025-10-31', 'papa', '2025-11-16', 'papa', 100, NULL),
(2451, 'Sosis Kenzler', 10000, 'MK', '2025-10-31', 'papa', '2025-11-16', 'PAPA', 95, NULL),
(2452, 'Mandi	Dettol Sabun Cair Original 450 Ml', 28000, 'AD', '2025-10-31', 'papa', '2025-11-16', 'KASIR_3A', 97, NULL),
(2453, 'Panadol Flu Dan Batuk 10 Kaplet', 17000, 'OB', '2025-10-31', 'papa', '2025-11-16', 'KASIR_3C', 100, NULL),
(2454, 'Popcorn Caramel Fitto 80 G', 12000, 'MK', '2025-10-31', 'papa', '2025-11-16', 'KASIR_3A', 84, NULL),
(2455, 'Kanebo 1pcs', 15000, 'AB', '2025-10-31', 'papa', '2025-11-16', 'papa', 100, NULL),
(2456, 'Paracetamol Kaplet 500mg 10 Tablet', 4100, 'OB', '2025-10-31', 'papa', '2025-11-16', 'KASIR_3C', 95, NULL),
(2457, 'Focallure Brush Set', 50000, 'AC', '2025-10-31', 'papa', '2025-11-16', 'KASIR_3B', -187, NULL),
(2458, 'Extra Joss Active', 7000, 'MN', '2025-10-31', 'papa', '2025-11-16', 'KASIR_3D', 87, NULL),
(2459, 'Shampoo Clear Anti Ketombe 300ml', 51000, 'AD', '2025-10-31', 'papa', '2025-11-16', 'papa', 100, NULL),
(2460, 'Susu Uht Ultramilk 750ml', 20000, 'MN', '2025-10-31', 'papa', '2025-11-16', 'KASIR_3A', 98, NULL),
(2461, 'Masako Kaldu Sapi 230 G', 9000, 'BM', '2025-10-31', 'papa', '2025-11-16', 'KASIR_3A', 95, NULL),
(2462, 'Puzzle Kayu', 20000, 'MA', '2025-10-31', 'papa', '2025-11-16', 'papa', 100, NULL),
(2463, 'Sendok Makan S113 Isi 12', 17500, 'AK', '2025-10-31', 'papa', '2025-11-16', 'papa', 100, NULL),
(2464, 'Hydro Coco Natural Health Drink 500ml', 16500, 'MN', '2025-10-31', 'papa', '2025-11-16', 'KASIR_3A', 76, NULL),
(2465, 'Hot Wheels Mazda Rx7 Diecast 1:64', 45000, 'MA', '2025-10-31', 'papa', '2025-11-16', 'KASIR_3A', 97, NULL),
(2466, 'Indomie Aceh', 3500, 'MK', '2025-10-31', 'papa', '2025-11-16', 'KASIR_3B', 84, NULL),
(2467, 'Indomie Fiery Chicken', 6000, 'MK', '2025-10-31', 'papa', '2025-11-16', 'KASIR_3A', 87, NULL),
(2468, 'Piattos Sapi Panggang 35 G', 5000, 'MK', '2025-10-31', 'papa', '2025-11-16', 'PAPA', 100, NULL),
(2469, 'Puding Seven 46gr- Bubuk Jelly Instan', 11000, 'BK', '2025-10-31', 'papa', '2025-11-16', 'KASIR_3A', 93, NULL),
(2470, 'Roti Aoka Rasa Susu Vanila 65gr', 3000, 'MK', '2025-10-31', 'papa', '2025-11-16', 'papa', 100, NULL),
(2471, 'Teh Pucuk 250ml', 4000, 'MN', '2025-10-31', 'papa', '2025-11-16', 'papa', 100, NULL),
(2472, 'Nutriboost 600ml', 8000, 'MN', '2025-10-31', 'papa', '2025-11-16', 'papa', 100, NULL),
(2473, 'Shin Ramyun Mini Cup', 13000, 'MK', '2025-10-31', 'papa', '2025-11-16', 'papa', 100, NULL),
(2474, 'Metformin', 30000, 'OB', '2025-10-31', 'papa', '2025-11-16', 'papa', 100, NULL),
(2475, 'Lervia Milk+Avocado Pouch 400ml', 18500, 'AD', '2025-10-31', 'papa', '2025-11-16', 'KASIR_3B', 99, NULL),
(2476, 'Alat Pel Lantai', 20000, 'AB', '2025-10-31', 'papa', '2025-11-16', 'KASIR_3D', 48, NULL),
(2477, 'Golda Coffe 250ml', 4000, 'MN', '2025-10-31', 'papa', '2025-11-16', 'KASIR_3A', 76, NULL),
(2478, 'Le Mineral 600ml', 4000, 'MN', '2025-10-31', 'papa', '2025-11-16', 'KASIR_3A', 93, NULL),
(2479, 'Chocolatos Drink', 5000, 'MN', '2025-10-31', 'papa', '2025-11-16', 'KASIR_3C', 59, NULL),
(2480, 'Cushion', 97000, 'AC', '2025-10-31', 'papa', '2025-11-16', 'KASIR_3B', 81, NULL),
(2481, 'Ladaku Merica Bubuk', 2000, 'BK', '2025-10-31', 'papa', '2025-11-16', 'PAPA', 100, NULL),
(2482, 'Nasi Kandar', 8000, 'MK', '2025-10-31', 'papa', '2025-11-16', 'KASIR_3C', 99, NULL),
(2483, 'Baby Powder', 15000, 'AC', '2025-10-31', 'papa', '2025-11-16', 'KASIR_3D', 88, NULL),
(2484, 'Diecast Mobil F1', 250000, 'MA', '2025-10-31', 'papa', '2025-11-16', 'KASIR_3B', 52, NULL),
(2485, 'Cobek', 80000, 'AM', '2025-10-31', 'papa', '2025-11-16', 'KASIR_3A', 79, NULL),
(2486, 'Lap Meja', 5000, 'AB', '2025-10-31', 'papa', '2025-11-16', 'KASIR_3A', 94, NULL),
(2487, 'Betadine Antiseptik 30ml', 15000, 'OB', '2025-10-31', 'papa', '2025-11-16', 'KASIR_3D', 88, NULL),
(2488, 'Sikat Gigi Kodomo', 4500, 'AD', '2025-10-31', 'papa', '2025-11-16', 'PAPA', 100, NULL),
(2489, 'Pencil Hb', 3000, 'AT', '2025-10-31', 'papa', '2025-11-16', 'papa', 100, NULL),
(2490, 'Enervon-C Multivitamin', 7500, 'OB', '2025-10-31', 'papa', '2025-11-16', 'KASIR_3A', 79, NULL),
(2491, 'Boneka Barbie', 50000, 'MA', '2025-10-31', 'papa', '2025-11-16', 'KASIR_3A', 60, NULL),
(2492, 'Mie Goreng Sedap 1 Dus 40 Pcs', 137000, 'MK', '2025-10-31', 'papa', '2025-11-16', 'KASIR_3B', 93, NULL),
(2493, 'Floridina', 6000, 'MN', '2025-10-31', 'papa', '2025-11-16', 'KASIR_3A', 88, NULL),
(2494, 'Lego Classic Basic Brick Set 11002', 110000, 'MA', '2025-10-31', 'papa', '2025-11-16', 'KASIR_3B', 81, NULL),
(2495, 'Sunlight Jeruk Nipis 800 Ml', 20000, 'SC', '2025-10-31', 'papa', '2025-11-16', 'papa', 100, NULL),
(2496, 'Beng Beng Wafer 20 Gr', 3000, 'MK', '2025-10-31', 'papa', '2025-11-16', 'KASIR_3A', 68, NULL),
(2497, 'Makanan Kucing Kering 500g', 30000, 'HP', '2025-10-31', 'papa', '2025-11-16', 'papa', 100, NULL),
(2498, 'Deodoran Roll', 17000, 'AC', '2025-10-31', 'papa', '2025-11-16', 'KASIR_3A', 93, NULL),
(2499, 'Susu Uht Cokelat 1l', 19500, 'MN', '2025-10-31', 'papa', '2025-11-16', 'papa', 100, NULL),
(2500, 'Vit 550 Ml', 2500, 'MN', '2025-10-31', 'papa', '2025-11-16', 'KASIR_3D', 100, NULL),
(2501, 'Set Sendok Garpu Kayu Zebrano 6 Pcs', 95000, 'AK', '2025-10-31', 'papa', '2025-11-16', 'KASIR_3A', 99, NULL),
(2502, 'Kunyit Bubuk 100g', 14000, 'BM', '2025-10-31', 'papa', '2025-11-16', 'papa', 100, NULL),
(2503, 'Buku Tulis 6 Pcs', 30000, 'AT', '2025-10-31', 'papa', '2025-11-16', 'KASIR_3C', 79, NULL),
(2504, 'Deterjen Rinso 800g', 25000, 'SC', '2025-10-31', 'papa', '2025-11-16', 'KASIR_3A', 94, NULL),
(2505, 'Sunlight 650 Ml', 14000, 'SC', '2025-10-31', 'papa', '2025-11-16', 'papa', 100, NULL),
(2506, 'Ms Glow For Men Facial Wash 100ml', 45000, 'AC', '2025-10-31', 'papa', '2025-11-16', 'KASIR_3C', 98, NULL),
(2507, 'Telur Ayam 500g', 14500, 'BK', '2025-10-31', 'papa', '2025-11-16', 'KASIR_3A', 89, NULL),
(2508, 'Antimo', 3000, 'OB', '2025-10-31', 'papa', '2025-11-16', 'KASIR_3A', 81, NULL),
(2509, 'Greenfields Uht Milk Full Cream 250ml', 8000, 'MN', '2025-10-31', 'papa', '2025-11-16', 'KASIR_3A', 97, NULL),
(2510, 'Set Penggaris + Jangka', 20000, 'AT', '2025-10-31', 'papa', '2025-11-16', 'papa', 100, NULL),
(2511, 'Micellar Water Travel Size', 20000, 'AC', '2025-10-31', 'papa', '2025-11-16', 'KASIR_3C', 93, NULL),
(2512, 'Royco Kaldu Ayam 230 Gram', 10000, 'BM', '2025-10-31', 'papa', '2025-11-16', 'papa', 100, NULL),
(2513, 'Susu Kucing Grwossy 250ml', 32000, 'HP', '2025-10-31', 'papa', '2025-11-16', 'PAPA', 100, NULL),
(2514, 'Rinso Molto Powder 800gr', 20000, 'SC', '2025-10-31', 'papa', '2025-11-16', 'papa', 100, NULL),
(2515, 'Attack Jaz1 Liquid Detergent 800 M', 29000, 'SC', '2025-10-31', 'papa', '2025-11-16', 'KASIR_3B', 71, NULL),
(2516, 'Le Minerale 600 Ml', 3000, 'MN', '2025-10-31', 'papa', '2025-11-16', 'PAPA', 95, NULL),
(2517, 'Tusuk Gigi', 2000, 'AK', '2025-10-31', 'papa', '2025-11-16', 'papa', 100, NULL),
(2518, 'Komix Herbal 1 Pack', 35000, 'OB', '2025-10-31', 'papa', '2025-11-16', 'PAPA', 100, NULL),
(2519, 'Indomie Goreng Jumbo', 4500, 'MK', '2025-10-31', 'papa', '2025-11-16', 'KASIR_3A', 86, NULL),
(2520, 'Face Massage Beauty Device 5-In-1', 81500, 'AC', '2025-10-31', 'papa', '2025-11-16', 'KASIR_3B', 84, NULL),
(2521, 'Ajinomoto Saus Teriyaki Saori 135 Ml', 10000, 'BM', '2025-10-31', 'papa', '2025-11-16', 'KASIR_3D', 24, NULL),
(2522, 'Centong Sayur', 10000, 'AM', '2025-10-31', 'papa', '2025-11-16', 'PAPA', 93, NULL),
(2523, 'Head & Shoulders Shampoo 300ml', 47000, 'AD', '2025-10-31', 'papa', '2025-11-16', 'KASIR_3D', 83, NULL),
(2524, 'Prime Lemonade', 150000, 'MN', '2025-10-31', 'papa', '2025-11-16', 'KASIR_3A', 90, NULL),
(2525, 'Lifebuoy Sabun Cuci Piring Refill 680 Ml', 13000, 'SC', '2025-10-31', 'papa', '2025-11-16', 'PAPA', 95, NULL),
(2526, 'Oskadon Isi 4 Tablet', 2500, 'OB', '2025-10-31', 'papa', '2025-11-16', 'papa', 100, NULL),
(2527, 'Wipol Karbol Lemon 700ml', 30000, 'AB', '2025-10-31', 'papa', '2025-11-16', 'KASIR_3A', 94, NULL),
(2528, 'Kuku Bima Rasa Anggur', 15000, 'MN', '2025-10-31', 'papa', '2025-11-16', 'KASIR_3D', 92, NULL),
(2529, 'Siladex 60ml', 12000, 'OB', '2025-10-31', 'papa', '2025-11-16', 'papa', 100, NULL),
(2530, 'Silverqueen Cokelat 62 G', 15000, 'MK', '2025-10-31', 'papa', '2025-11-16', 'PAPA', 100, NULL),
(2531, 'Masker Medis 50 Pcs', 20000, 'AB', '2025-10-31', 'papa', '2025-11-16', 'papa', 100, NULL),
(2532, 'Air Minum Le Mineral Galon 15 Liter', 23000, 'MN', '2025-10-31', 'papa', '2025-11-16', 'KASIR_3B', 31, NULL),
(2533, 'Kertas Warna F4 (1 Rim)', 74500, 'AT', '2025-10-31', 'papa', '2025-11-16', 'KASIR_3B', 98, NULL),
(2534, 'Rantang Susun Stainless 1 Set', 58000, 'AK', '2025-10-31', 'papa', '2025-11-16', 'KASIR_3A', 95, NULL),
(2535, 'Salep Scabimite 30gr', 80000, 'OB', '2025-10-31', 'papa', '2025-11-16', 'papa', 100, NULL),
(2536, 'Natur-E Skin Active Beauty White 32pcs', 110000, 'AC', '2025-10-31', 'papa', '2025-11-16', 'KASIR_3B', 91, NULL),
(2537, 'Roma Sari Gandum 115gr', 10000, 'MK', '2025-10-31', 'papa', '2025-11-16', 'KASIR_3D', 91, NULL),
(2538, 'Sapu Lantai Plastik', 15000, 'AB', '2025-10-31', 'papa', '2025-11-16', 'KASIR_3D', 100, NULL),
(2539, 'Nii Yogurt Tea 450ml', 8000, 'MN', '2025-10-31', 'papa', '2025-11-16', 'PAPA', 95, NULL),
(2540, 'Milk Cleanser Viva 200l', 12000, 'AC', '2025-10-31', 'papa', '2025-11-16', 'PAPA', 93, NULL),
(2541, 'Sqrs Wireless Vacuum Cleaner', 120000, 'AB', '2025-10-31', 'papa', '2025-11-16', 'papa', 100, NULL),
(2542, 'Indomie Goreng 85g', 3500, 'MK', '2025-10-31', 'papa', '2025-11-16', 'KASIR_3A', 90, NULL),
(2543, 'Sanmol Forte', 5000, 'OB', '2025-10-31', 'papa', '2025-11-16', 'papa', 100, NULL),
(2544, 'Pulpen Hi-Tec C', 25000, 'AT', '2025-10-31', 'papa', '2025-11-16', 'PAPA', 95, NULL),
(2545, 'Potabee Potato Chips Black Truffle 65g', 9900, 'MK', '2025-10-31', 'papa', '2025-11-16', 'KASIR_3D', 98, NULL),
(2546, 'Me-O Cat Food Tuna 1.2kg', 86000, 'HP', '2025-10-31', 'papa', '2025-11-16', 'KASIR_3B', 91, NULL),
(2547, 'Pensil 2b Fabercastle', 5000, 'AT', '2025-10-31', 'papa', '2025-11-16', 'KASIR_3D', 100, NULL),
(2548, 'Dettol Sabun Anti Bakteri Original 65 Gr', 7000, 'AD', '2025-10-31', 'papa', '2025-11-16', 'KASIR_3A', 92, NULL),
(2549, 'Paracetamol Strip 10s', 8500, 'OB', '2025-10-31', 'papa', '2025-11-16', 'papa', 100, NULL),
(2550, 'Mcfloat Fanta', 12000, 'MN', '2025-10-31', 'papa', '2025-11-16', 'papa', 100, NULL),
(2551, 'Nampan Aluminium', 20000, 'AM', '2025-10-31', 'papa', '2025-11-16', 'KASIR_3D', 100, NULL),
(2552, 'Rubik 3x3', 25000, 'MA', '2025-10-31', 'papa', '2025-11-16', 'KASIR_3A', 95, NULL),
(2553, 'Piattos Sapi Panggang 15 Gram', 2000, 'MK', '2025-10-31', 'papa', '2025-11-16', 'papa', 100, NULL),
(2554, 'Wardah Perfect Bright Moisturizer 20ml', 18000, 'AC', '2025-10-31', 'papa', '2025-11-16', 'KASIR_3B', 98, NULL),
(2555, 'Antimo Cair Anak 1 Pack 10 Sachet', 25000, 'OB', '2025-10-31', 'papa', '2025-11-16', 'KASIR_3A', 59, NULL),
(2556, 'Tempat Sampah Minimalis', 31899, 'AB', '2025-10-31', 'papa', '2025-11-16', 'PAPA', 99, NULL),
(2557, 'Mylanta Obat Maag Cair 50 Ml', 20000, 'OB', '2025-10-31', 'papa', '2025-11-16', 'PAPA', 95, NULL),
(2558, 'Shinzu', 10000, 'AC', '2025-10-31', 'papa', '2025-11-16', 'papa', 100, NULL),
(2559, 'Sajiku Tepung Serbaguna 200gram', 7000, 'BM', '2025-10-31', 'papa', '2025-11-16', 'papa', 100, NULL),
(2560, 'Puzzle Kayu Edukasi 1 Set', 25000, 'MA', '2025-10-31', 'papa', '2025-11-16', 'papa', 100, NULL),
(2561, 'Keripik Kentang Kusuka', 8000, 'MK', '2025-10-31', 'papa', '2025-11-16', 'PAPA', 100, NULL),
(2562, 'Kahf Gentle Face Wash', 35000, 'SC', '2025-10-31', 'papa', '2025-11-16', 'KASIR_3A', 93, NULL),
(2563, 'Indomie Mie Goreng Kriuk Pedas90gr', 3500, 'MK', '2025-10-31', 'papa', '2025-11-16', 'KASIR_3A', 81, NULL),
(2564, 'Kemoceng Bulu Itik Ukurann Jumbo', 10000, 'AB', '2025-10-31', 'papa', '2025-11-16', 'PAPA', 95, NULL),
(2565, 'Stabilo Warna Hijau', 8000, 'AT', '2025-10-31', 'papa', '2025-11-16', 'papa', 100, NULL),
(2566, 'Fanta Strawberry 390ml', 7500, 'MN', '2025-10-31', 'papa', '2025-11-16', 'KASIR_3A', 90, NULL),
(2567, 'Spidol Snowman Permanent', 12000, 'AT', '2025-10-31', 'papa', '2025-11-16', 'KASIR_3A', 97, NULL),
(2568, 'Makarizo Hair Energy', 29900, 'AC', '2025-10-31', 'papa', '2025-11-16', 'KASIR_3D', 99, NULL),
(2569, 'Nissin Walens Choco Soes 100gram', 14300, 'MK', '2025-10-31', 'papa', '2025-11-16', 'PAPA', 95, NULL),
(2570, 'Whiskas', 35500, 'HP', '2025-10-31', 'papa', '2025-11-16', 'KASIR_3A', 80, NULL),
(2571, 'Pisau Dapur Kecil', 10000, 'AM', '2025-10-31', 'papa', '2025-11-16', 'KASIR_3C', 99, NULL),
(2572, 'Bubur Labu', 5000, 'MK', '2025-10-31', 'papa', '2025-11-16', 'KASIR_3A', 97, NULL),
(2573, 'Lao Gan Ma Black Bean Chili Sauce 280gr', 46000, 'BM', '2025-10-31', 'papa', '2025-11-16', 'PAPA', 95, NULL),
(2574, 'Sea Crunch 80g', 9000, 'MK', '2025-10-31', 'papa', '2025-11-16', 'PAPA', 95, NULL),
(2575, 'Ekonomi 380 Gram', 6000, 'SC', '2025-10-31', 'papa', '2025-11-16', 'KASIR_3A', 93, NULL),
(2576, 'Rin-Bee 130g', 15500, 'MK', '2025-10-31', 'papa', '2025-11-16', 'papa', 100, NULL),
(2577, 'Wardah Eyebrow Pencil Brown 0.31 Gr', 48000, 'AC', '2025-10-31', 'papa', '2025-11-16', 'KASIR_3D', 93, NULL),
(2578, 'Rose Brand Tepung Hunkwe 100 Gr', 5000, 'BK', '2025-10-31', 'papa', '2025-11-16', 'KASIR_3B', 98, NULL),
(2579, 'Faber-Castell Pencil 2b', 5500, 'AT', '2025-10-31', 'papa', '2025-11-16', 'KASIR_3A', 93, NULL),
(2580, 'Mama Lemon 58ml', 1000, 'SC', '2025-10-31', 'papa', '2025-11-16', 'papa', 100, NULL),
(2581, 'Saori Saus Teriyaki Sachet 23ml', 4500, 'BM', '2025-10-31', 'papa', '2025-11-16', 'papa', 100, NULL),
(2582, 'Daia 1 Kg', 31000, 'SC', '2025-10-31', 'papa', '2025-11-16', 'KASIR_3A', 97, NULL),
(2583, 'Sosoft Sakura Deterjen Cair 700 Ml', 13000, 'SC', '2025-10-31', 'papa', '2025-11-16', 'papa', 100, NULL),
(2584, 'Mainan Monopoly', 10000, 'MA', '2025-10-31', 'papa', '2025-11-16', 'KASIR_3A', 95, NULL),
(2585, 'Penyedot Debu Portabel', 60000, 'AB', '2025-10-31', 'papa', '2025-11-16', 'papa', 100, NULL),
(2586, 'Paracetamol Dosis 500 Mg 10 Table', 5000, 'OB', '2025-10-31', 'papa', '2025-11-16', 'papa', 100, NULL),
(2587, 'Pazar Bumbu Ayam Spesial 250 Gram', 3000, 'BM', '2025-10-31', 'papa', '2025-11-16', 'papa', 100, NULL),
(2588, 'Mr Lemon 120ml', 2000, 'SC', '2025-10-31', 'papa', '2025-11-16', 'papa', 100, NULL),
(2589, 'Blue Band 200g', 12000, 'BM', '2025-10-31', 'papa', '2025-11-16', 'KASIR_3C', 72, NULL),
(2590, 'Wipol 800ml', 37000, 'AB', '2025-10-31', 'papa', '2025-11-16', 'KASIR_3A', 92, NULL),
(2591, 'Bumbu Racik Ayam Goreng 26 Gr', 4000, 'BK', '2025-10-31', 'papa', '2025-11-16', 'KASIR_3A', 94, NULL),
(2592, 'Mie Ayam', 15000, 'MK', '2025-10-31', 'papa', '2025-11-16', 'KASIR_3A', 95, NULL),
(2593, 'Wishkas Adult Tuna', 31000, 'HP', '2025-10-31', 'papa', '2025-11-16', 'papa', 100, NULL),
(2594, 'Cup 16 Oz (Per Pack)', 9000, 'AK', '2025-10-31', 'papa', '2025-11-16', 'KASIR_3A', 91, NULL),
(2595, 'Tempe', 5000, 'BK', '2025-10-31', 'papa', '2025-11-16', 'papa', 100, NULL),
(2596, 'Oishi Popcorn Caramel 100 Gram', 18000, 'MK', '2025-10-31', 'papa', '2025-11-16', 'PAPA', 100, NULL),
(2597, 'Garnier Men 100ml', 25000, 'AC', '2025-10-31', 'papa', '2025-11-16', 'KASIR_3C', 97, NULL),
(2598, 'Face Wash Cooling Gatsby', 23400, 'AD', '2025-10-31', 'papa', '2025-11-16', 'KASIR_3A', 93, NULL),
(2599, 'Kemoceng 40cm', 11000, 'AB', '2025-10-31', 'papa', '2025-11-16', 'KASIR_3A', 95, NULL),
(2600, 'Teh Kombucha Fermentasi Madu', 40000, 'MN', '2025-10-31', 'papa', '2025-11-16', 'KASIR_3B', 94, NULL),
(2601, 'Sunlight 800ml', 18000, 'SC', '2025-10-31', 'papa', '2025-11-16', 'papa', 100, NULL),
(2602, 'Desaku Marinasi', 1000, 'BM', '2025-10-31', 'papa', '2025-11-16', 'KASIR_3B', 99, NULL),
(2603, 'Mizone Lychee Lemon 500 Ml', 8000, 'MN', '2025-10-31', 'papa', '2025-11-16', 'papa', 100, NULL),
(2604, 'Chitato Sapi Panggang', 12000, 'MK', '2025-10-31', 'papa', '2025-11-16', 'KASIR_3D', 87, NULL),
(2605, 'Piring Plastik Isi 20 Pcs', 15000, 'AK', '2025-10-31', 'papa', '2025-11-16', 'papa', 100, NULL),
(2606, 'Rubik 3x3 Original', 25000, 'MA', '2025-10-31', 'papa', '2025-11-16', 'KASIR_3C', 99, NULL),
(2607, 'Teh Botol Sosro Minuman Teh Original 1 L', 10900, 'MN', '2025-10-31', 'papa', '2025-11-16', 'KASIR_3D', 98, NULL),
(2608, 'Tahu Aci', 2000, 'MK', '2025-10-31', 'papa', '2025-11-16', 'papa', 100, NULL),
(2609, 'Im-Boost Syrup Kids 45ml', 32000, 'OB', '2025-10-31', 'papa', '2025-11-16', 'PAPA', 92, NULL),
(2610, 'Telur Ayam Kampung 1 Kg', 35000, 'BK', '2025-10-31', 'papa', '2025-11-16', 'PAPA', 93, NULL),
(2611, 'Acne Patch 24pcs', 28000, 'AC', '2025-10-31', 'papa', '2025-11-16', 'KASIR_3A', 55, NULL),
(2612, 'Hot Wheels Ferrari 365 Gtb4', 135000, 'MA', '2025-10-31', 'papa', '2025-11-16', 'KASIR_3D', 75, NULL),
(2613, 'Blue Band Serbaguna 200g', 9500, 'BK', '2025-10-31', 'papa', '2025-11-16', 'KASIR_3A', 96, NULL),
(2614, 'Laser Ulir Pointer', 9500, 'MA', '2025-10-31', 'papa', '2025-11-16', 'papa', 100, NULL),
(2615, 'Kinder Joy For Girl 20gr', 16000, 'MK', '2025-10-31', 'papa', '2025-11-16', 'KASIR_3A', 90, NULL),
(2616, 'Glad2glow Mugwort Clay 25gram', 40000, 'AC', '2025-10-31', 'papa', '2025-11-16', 'KASIR_3A', 72, NULL),
(2617, 'Insto Cool Tetes Mata 7,5 Ml', 21000, 'OB', '2025-10-31', 'papa', '2025-11-16', 'KASIR_3C', 99, NULL),
(2618, 'Bubuk Jahe', 6880, 'BM', '2025-10-31', 'papa', '2025-11-16', 'KASIR_3B', 97, NULL);
INSERT INTO `products` (`PRODUCT_ID`, `PRODUCT_NAME`, `PRICE`, `CATEGORY_ID`, `CREATED_AT`, `CREATED_BY`, `UPDATED_AT`, `UPDATED_BY`, `STOCK`, `IMAGE`) VALUES
(2619, 'Sanmol Sirup 60ml', 17000, 'OB', '2025-10-31', 'papa', '2025-11-16', 'papa', 100, NULL),
(2620, '1 Set Piring Vicenza(1 Lusin)', 210000, 'AM', '2025-10-31', 'papa', '2025-11-16', 'KASIR_3C', -5, NULL),
(2621, 'Royco Ayam 220gram', 1000, 'BM', '2025-10-31', 'papa', '2025-11-16', 'papa', 100, NULL),
(2622, 'Sunlight 700 Ml', 20000, 'SC', '2025-10-31', 'papa', '2025-11-16', 'papa', 100, NULL),
(2623, 'Viva Whitening Cream 15gr', 20000, 'AC', '2025-10-31', 'papa', '2025-11-16', 'papa', 100, NULL),
(2624, 'Rucika Tee ¾', 6000, 'AD', '2025-10-31', 'papa', '2025-11-16', 'KASIR_3A', 96, NULL),
(2625, 'Kompor Portable Camping Windproof', 75600, 'AM', '2025-10-31', 'papa', '2025-11-16', 'KASIR_3B', 91, NULL),
(2626, 'Detergen Bubuk Rinso 900g Harga', 22000, 'SC', '2025-10-31', 'papa', '2025-11-16', 'KASIR_3A', 78, NULL),
(2627, 'Lifebuoy 100g', 6600, 'SC', '2025-10-31', 'papa', '2025-11-16', 'KASIR_3C', 97, NULL),
(2628, 'Handuk Mandi Dewasa (Ukuran 70x140 Cm)', 60000, 'AD', '2025-10-31', 'papa', '2025-11-16', 'KASIR_3B', 82, NULL),
(2629, 'Sari Buah', 9000, 'MN', '2025-10-31', 'papa', '2025-11-16', 'PAPA', 100, NULL),
(2630, 'Frestea Rasa Apel 350ml', 5000, 'MN', '2025-10-31', 'papa', '2025-11-16', 'KASIR_3D', 74, NULL),
(2631, 'Kecap Asin Abc 100 Ml', 20000, 'BM', '2025-10-31', 'papa', '2025-11-16', 'PAPA', 90, NULL),
(2632, 'Spatula Silikon', 48000, 'AM', '2025-10-31', 'papa', '2025-11-16', 'papa', 100, NULL),
(2633, 'Sabun Lifebouy Cair 450ml', 22000, 'AD', '2025-10-31', 'papa', '2025-11-16', 'KASIR_3A', 95, NULL),
(2634, 'Es Doger', 5000, 'MN', '2025-10-31', 'papa', '2025-11-16', 'KASIR_3A', 99, NULL),
(2635, 'Nutriboost Strawberry 300 Ml', 7000, 'MN', '2025-10-31', 'papa', '2025-11-16', 'KASIR_3D', 95, NULL),
(2636, 'Pulpen Pilot Hitam', 5000, 'AT', '2025-10-31', 'papa', '2025-11-16', 'papa', 100, NULL),
(2637, 'Boboiboy Galaxy Card', 20000, 'MA', '2025-10-31', 'papa', '2025-11-16', 'KASIR_3A', 75, NULL),
(2638, 'Teh Botol 350ml', 6000, 'MN', '2025-10-31', 'papa', '2025-11-16', 'papa', 100, NULL),
(2639, 'Kecap Bango 600ml', 23000, 'BM', '2025-10-31', 'papa', '2025-11-16', 'PAPA', 89, NULL),
(2640, 'Chitato Rasa Sapi Panggang 68 Gr', 10000, 'MK', '2025-10-31', 'papa', '2025-11-16', 'KASIR_3A', 74, NULL),
(2641, 'Penghapus Joyko', 3000, 'AT', '2025-10-31', 'papa', '2025-11-16', 'papa', 100, NULL),
(2642, 'Sunscreen Facetology', 45000, 'AC', '2025-10-31', 'papa', '2025-11-16', 'KASIR_3A', 87, NULL),
(2643, 'Pulpen Pilot', 5000, 'AT', '2025-10-31', 'papa', '2025-11-16', 'papa', 100, NULL),
(2644, 'Teh Kotak Rasa Blackcurrant 300ml', 5000, 'MN', '2025-10-31', 'papa', '2025-11-16', 'KASIR_3D', 98, NULL),
(2645, 'Sari Roti Coklat', 6000, 'MK', '2025-10-31', 'papa', '2025-11-16', 'PAPA', 92, NULL),
(2646, 'Buavita Jus Apel 1l', 19000, 'MN', '2025-10-31', 'papa', '2025-11-16', 'KASIR_3B', 82, NULL),
(2647, 'Bango 135ml Botol', 10000, 'BM', '2025-10-31', 'papa', '2025-11-16', 'KASIR_3B', 85, NULL),
(2648, 'Fingerboard', 43000, 'MA', '2025-10-31', 'papa', '2025-11-16', 'KASIR_3A', 95, NULL),
(2649, 'Royko Rasa Ayam 12saset', 5000, 'BM', '2025-10-31', 'papa', '2025-11-16', 'KASIR_3A', 90, NULL),
(2650, 'Pengharum Spray Lavender Refill 250ml', 45000, 'AB', '2025-10-31', 'papa', '2025-11-16', 'KASIR_3B', 89, NULL),
(2651, 'Kit Multi Purpose Super Cleaner 500ml', 28900, 'SC', '2025-10-31', 'papa', '2025-11-16', 'KASIR_3A', 94, NULL),
(2652, 'Tolak Angin Cair Plus Madu', 4500, 'OB', '2025-10-31', 'papa', '2025-11-16', 'papa', 100, NULL),
(2653, 'Garam Laut Hitam Himalaya 500 Gr', 67000, 'BM', '2025-10-31', 'papa', '2025-11-16', 'KASIR_3B', 64, NULL),
(2654, 'Tamiya 4wd Mini Chaoxing Mowang X Auldey', 46000, 'MA', '2025-10-31', 'papa', '2025-11-16', 'papa', 100, NULL),
(2655, 'Penggaris Besi 30 Cm', 15000, 'AT', '2025-10-31', 'papa', '2025-11-16', 'papa', 100, NULL),
(2656, 'Egrang Bambu', 10000, 'MA', '2025-10-31', 'papa', '2025-11-16', 'papa', 100, NULL),
(2657, 'Degirol Hisap 0.25 Mg', 8000, 'OB', '2025-10-31', 'papa', '2025-11-16', 'KASIR_3A', 95, NULL),
(2658, 'Antangin Jrg Cair 15ml 1 Sachet', 5000, 'OB', '2025-10-31', 'papa', '2025-11-16', 'KASIR_3A', 94, NULL),
(2659, 'Snowman Marker Hitam', 10500, 'AT', '2025-10-31', 'papa', '2025-11-16', 'papa', 100, NULL),
(2660, 'Koko Krunch Nestle 330 G', 45000, 'MK', '2025-10-31', 'papa', '2025-11-16', 'KASIR_3B', 84, NULL),
(2661, 'Penggaris Satu Meter', 50000, 'AT', '2025-10-31', 'papa', '2025-11-16', 'papa', 100, NULL),
(2662, 'Gayung Love Pink Warna Gonjreng', 12000, 'AD', '2025-10-31', 'papa', '2025-11-16', 'KASIR_3A', 83, NULL),
(2663, 'Indofood Bumbu Racik Nasi Goreng 20 Gr', 3000, 'BM', '2025-10-31', 'papa', '2025-11-16', 'KASIR_3A', 95, NULL),
(2664, 'Sambel Pecel Khas Madiun', 23000, 'AM', '2025-10-31', 'papa', '2025-11-16', 'PAPA', 94, NULL),
(2665, 'Teh Pucuk Harum', 3000, 'MN', '2025-10-31', 'papa', '2025-11-16', 'papa', 100, NULL),
(2666, 'Lip Balm Wardah', 32000, 'AC', '2025-10-31', 'papa', '2025-11-16', 'PAPA', 90, NULL),
(2667, 'Antalgin', 10000, 'OB', '2025-10-31', 'papa', '2025-11-16', 'KASIR_3D', 63, NULL),
(2668, 'Segitiga Biru 1kg', 13000, 'BK', '2025-10-31', 'papa', '2025-11-16', 'PAPA', 95, NULL),
(2669, 'Rautan Pensil Putar', 20000, 'AT', '2025-10-31', 'papa', '2025-11-16', 'papa', 100, NULL),
(2670, 'Panadol Extra', 10000, 'OB', '2025-10-31', 'papa', '2025-11-16', 'PAPA', 97, NULL),
(2671, 'Roma Kelapa 300g', 10000, 'MK', '2025-10-31', 'papa', '2025-11-16', 'papa', 100, NULL),
(2672, 'Oskadon', 5000, 'OB', '2025-10-31', 'papa', '2025-11-16', 'papa', 100, NULL),
(2673, 'Ladaku 3gram', 1000, 'BM', '2025-10-31', 'papa', '2025-11-16', 'papa', 100, NULL),
(2674, 'Micelar Water Garnier 120ml', 48000, 'AC', '2025-10-31', 'papa', '2025-11-16', 'PAPA', 94, NULL),
(2675, 'Dettol Antiseptic Liquid Germicide 750ml', 200900, 'AD', '2025-10-31', 'papa', '2025-11-16', 'KASIR_3C', 66, NULL),
(2676, 'Rinso Anti Noda Deterjen Bubuk 125 Gr', 6500, 'AB', '2025-10-31', 'papa', '2025-11-16', 'PAPA', 95, NULL),
(2677, 'Silverqueen Chocolate Crispy 55g', 20800, 'MK', '2025-10-31', 'papa', '2025-11-16', 'papa', 100, NULL),
(2678, 'Maxim Wajan Anti Lengket 24 Cm', 118000, 'AM', '2025-10-31', 'papa', '2025-11-16', 'KASIR_3D', 91, NULL),
(2679, 'Pulpen Standard Ae7 1pack Isi 12 Pcs', 25000, 'AT', '2025-10-31', 'papa', '2025-11-16', 'KASIR_3C', 91, NULL),
(2680, 'Saus Sambal Indofood Pedas 135 Ml', 11000, 'BM', '2025-10-31', 'papa', '2025-11-16', 'KASIR_3C', 97, NULL),
(2681, 'Kalung Kucing', 5000, 'HP', '2025-10-31', 'papa', '2025-11-16', 'KASIR_3D', 97, NULL),
(2682, 'Wardah Facial Wash 100ml', 27000, 'AD', '2025-10-31', 'papa', '2025-11-16', 'KASIR_3C', 95, NULL),
(2683, 'Shower Puff / Busa Mandi', 3000, 'AD', '2025-10-31', 'papa', '2025-11-16', 'papa', 100, NULL),
(2684, 'Wardah Lip Balm', 28000, 'AC', '2025-10-31', 'papa', '2025-11-16', 'PAPA', 96, NULL),
(2685, 'Ketoprak 1 Porsi', 12000, 'MK', '2025-10-31', 'papa', '2025-11-16', 'KASIR_3D', 90, NULL),
(2686, 'Sabun Biore 550 Ml', 35000, 'SC', '2025-10-31', 'papa', '2025-11-16', 'KASIR_3C', 99, NULL),
(2687, 'Kanzler Singles Sosis Pedas 65 Gr', 8900, 'MK', '2025-10-31', 'papa', '2025-11-16', 'KASIR_3B', 84, NULL),
(2688, 'Royco Bumbu Kaldu Ayam 220g', 12500, 'BM', '2025-10-31', 'papa', '2025-11-16', 'papa', 100, NULL),
(2689, 'Gen Mass Whey Protein By Genetica', 140000, 'MN', '2025-10-31', 'papa', '2025-11-16', 'KASIR_3A', 84, NULL),
(2690, 'Ultra Milk Full Cream 250 Ml', 7000, 'MN', '2025-10-31', 'papa', '2025-11-16', 'KASIR_3A', 98, NULL),
(2691, 'Le Mineral', 3500, 'MN', '2025-10-31', 'papa', '2025-11-16', 'KASIR_3A', 95, NULL),
(2692, 'Tolak Angin Cair 15 Ml', 4000, 'OB', '2025-10-31', 'papa', '2025-11-16', 'papa', 100, NULL),
(2693, 'Sikat Gigi Formula (Soft - 3 Pcs)', 12000, 'AD', '2025-10-31', 'papa', '2025-11-16', 'KASIR_3A', 95, NULL),
(2694, 'Imodium (Per Pcs)', 10000, 'OB', '2025-10-31', 'papa', '2025-11-16', 'papa', 100, NULL),
(2695, 'Masker Wajah Emina', 10000, 'AC', '2025-10-31', 'papa', '2025-11-16', 'PAPA', 100, NULL),
(2696, 'Spidol Snowman', 8000, 'AT', '2025-10-31', 'papa', '2025-11-16', 'papa', 100, NULL),
(2697, 'Promag', 9000, 'OB', '2025-10-31', 'papa', '2025-11-16', 'KASIR_3D', 94, NULL),
(2698, 'Pet Grooming Starter Kit', 99000, 'HP', '2025-10-31', 'papa', '2025-11-16', 'papa', 100, NULL),
(2699, 'Granat Perang (Gantungan Kunci)', 7500, 'MA', '2025-10-31', 'papa', '2025-11-16', 'KASIR_3A', 88, NULL),
(2700, 'Roti\'O', 15000, 'MK', '2025-10-31', 'papa', '2025-11-16', 'KASIR_3A', 91, NULL),
(2701, 'Tolak Angin Sido Muncul', 30000, 'OB', '2025-10-31', 'papa', '2025-11-16', 'KASIR_3D', 95, NULL),
(2702, 'Downy Perfume Serum Milky Touch 820ml', 41800, 'SC', '2025-10-31', 'papa', '2025-11-16', 'KASIR_3B', 75, NULL),
(2703, 'Kartu Uno Isi 108', 18000, 'MA', '2025-10-31', 'papa', '2025-11-16', 'PAPA', 93, NULL),
(2704, 'Piring Keramik Motif Minimalis', 25000, 'AK', '2025-10-31', 'papa', '2025-11-16', 'papa', 100, NULL),
(2705, 'Rinso 700gr', 23000, 'SC', '2025-10-31', 'papa', '2025-11-16', 'KASIR_3C', 98, NULL),
(2706, 'Kapur Putih', 4000, 'AT', '2025-10-31', 'papa', '2025-11-16', 'papa', 100, NULL),
(2707, 'Wipol Karbol 750ml', 25000, 'AB', '2025-10-31', 'papa', '2025-11-16', 'papa', 100, NULL),
(2708, 'Susu Uht Ultra Milk Rasa Cokelat 250 Ml', 8000, 'MN', '2025-10-31', 'papa', '2025-11-16', 'KASIR_3A', 95, NULL),
(2709, 'Mayonnaise Merek Maestro Original 100 Gr', 11000, 'BM', '2025-10-31', 'papa', '2025-11-16', 'KASIR_3D', 88, NULL),
(2710, 'Action Figure Superman', 100000, 'MA', '2025-10-31', 'papa', '2025-11-16', 'KASIR_3B', 16, NULL),
(2711, 'Indomie Goreng 80g', 3500, 'MK', '2025-10-31', 'papa', '2025-11-16', 'papa', 100, NULL),
(2712, 'Pocari Sweat Ion Water 500 Ml', 8000, 'MN', '2025-10-31', 'papa', '2025-11-16', 'KASIR_3A', 99, NULL),
(2713, 'Minyak Goreng Kemasan 1 Liter', 17000, 'BK', '2025-10-31', 'papa', '2025-11-16', 'KASIR_3A', 80, NULL),
(2714, 'Zam Zam', 100000, 'MN', '2025-10-31', 'papa', '2025-11-16', 'KASIR_3A', 38, NULL),
(2715, 'Saori Saus Tiram 270 Ml', 12800, 'BM', '2025-10-31', 'papa', '2025-11-16', 'papa', 100, NULL),
(2716, 'Scarlett Brightening Facial Wash 100ml', 75000, 'AC', '2025-10-31', 'papa', '2025-11-16', 'PAPA', 98, NULL),
(2717, 'Bejo Jahe Merah Sachet 6 (15ml)', 23000, 'OB', '2025-10-31', 'papa', '2025-11-16', 'KASIR_3A', 90, NULL),
(2718, 'Sikat Gigi Formula Diamond 3 Pcs', 15000, 'AD', '2025-10-31', 'papa', '2025-11-16', 'papa', 100, NULL),
(2719, 'Joyko', 4000, 'AT', '2025-10-31', 'papa', '2025-11-16', 'papa', 100, NULL),
(2720, 'Betadine 60ml', 15000, 'OB', '2025-10-31', 'papa', '2025-11-16', 'KASIR_3A', 98, NULL),
(2721, 'Pulpen Hi Tec C', 21000, 'AT', '2025-10-31', 'papa', '2025-11-16', 'PAPA', 95, NULL),
(2722, 'Bumbu Rasamasak Rendang', 2500, 'BM', '2025-10-31', 'papa', '2025-11-16', 'KASIR_3A', 92, NULL),
(2723, 'Ponstan 500 Mg 10 Tablet', 39000, 'OB', '2025-10-31', 'papa', '2025-11-16', 'papa', 100, NULL),
(2724, 'Saori Saus Tiram 133ml', 13000, 'BM', '2025-10-31', 'papa', '2025-11-16', 'KASIR_3D', 97, NULL),
(2725, 'Grill Pan Anti Lengket Aa306', 32875, 'AM', '2025-10-31', 'papa', '2025-11-16', 'KASIR_3B', 99, NULL),
(2726, 'Wardah Lightening Facial Foam', 25000, 'AC', '2025-10-31', 'papa', '2025-11-16', 'KASIR_3A', 94, NULL),
(2727, 'Indomie Goreng Rendang', 3000, 'MK', '2025-10-31', 'papa', '2025-11-16', 'KASIR_3A', 90, NULL),
(2728, 'Pensil Jayco', 4000, 'AT', '2025-10-31', 'papa', '2025-11-16', 'papa', 100, NULL),
(2729, 'Paracetamol 500 Mg', 16000, 'OB', '2025-10-31', 'papa', '2025-11-16', 'papa', 100, NULL),
(2730, 'Sikat Toilet', 18000, 'AB', '2025-10-31', 'papa', '2025-11-16', 'papa', 100, NULL),
(2731, 'Buku Nota', 5000, 'AT', '2025-10-31', 'papa', '2025-11-16', 'KASIR_3D', 93, NULL),
(2732, 'Lego Mobil F1 Redbull', 250000, 'MA', '2025-10-31', 'papa', '2025-11-16', 'KASIR_3C', 85, NULL),
(2733, 'Cat Choize Plus Adult Cat Food 1.2kg', 65000, 'HP', '2025-10-31', 'papa', '2025-11-16', 'KASIR_3A', 66, NULL),
(2734, 'Pembersih Kaca Jendela 3in1', 20000, 'AB', '2025-10-31', 'papa', '2025-11-16', 'KASIR_3A', 97, NULL),
(2735, 'Tanggo Wafer 35g', 8000, 'MK', '2025-10-31', 'papa', '2025-11-16', 'KASIR_3A', 99, NULL),
(2736, 'Penyedap Rasa (Sasa)', 5000, 'BK', '2025-10-31', 'papa', '2025-11-16', 'papa', 100, NULL),
(2737, 'Penyedap Rasa Msg Sasa Micin Mecin 50gr', 4700, 'BK', '2025-10-31', 'papa', '2025-11-16', 'papa', 100, NULL),
(2738, 'Vitamin D3 + K2 Ipi', 14000, 'OB', '2025-10-31', 'papa', '2025-11-16', 'papa', 100, NULL),
(2739, 'Kopi Instan Kapal Api Special Mix', 14000, 'MN', '2025-10-31', 'papa', '2025-11-16', 'KASIR_3A', 86, NULL),
(2740, 'Mamalemon Extraclean 680ml', 13000, 'SC', '2025-10-31', 'papa', '2025-11-16', 'PAPA', 95, NULL),
(2741, 'Sabun Colek Ekonomi 70 Gram', 4500, 'SC', '2025-10-31', 'papa', '2025-11-16', 'papa', 100, NULL),
(2761, 'Hot Wheels City Batman', 39000, 'MA', '2025-11-01', 'rafifaiz381@gmail.com', '2025-11-16', 'KASIR_3A', 82, NULL),
(2762, 'Sapu Ijuk Hitam Biasa Gagang Kayu', 22950, 'AB', '2025-11-01', 'rafifaiz381@gmail.com', '2025-11-16', 'rafifaiz381@gmail.com', 100, NULL),
(2763, 'Giv White Sabun Mandi Cair', 22000, 'AD', '2025-11-01', 'rafifaiz381@gmail.com', '2025-11-16', 'KASIR_3B', 88, NULL),
(2764, 'Greenfields Yogurt Drink 250ml', 9500, 'MN', '2025-11-01', 'sofyanyudha1@gmail.com', '2025-11-16', 'KASIR_3A', 94, NULL),
(2765, 'So Nice Nugget Ayam 500gr', 25000, 'MK', '2025-11-01', 'sofyanyudha1@gmail.com', '2025-11-16', 'KASIR_3C', 98, NULL),
(2766, 'Hanasui Collagen Water Sunscreen', 24300, 'AC', '2025-11-01', 'rafifaiz381@gmail.com', '2025-11-16', 'KASIR_3A', 82, NULL),
(2767, 'Joyko Ball Pen Pulpen 1 Pack Bp-376', 20300, 'AT', '2025-11-01', 'rafifaiz381@gmail.com', '2025-11-16', 'KASIR_3A', 94, NULL),
(2768, 'Starbucks Doubleshot Espresso Latte', 19000, 'MN', '2025-11-01', 'rafifaiz381@gmail.com', '2025-11-16', 'rafifaiz381@gmail.com', 100, NULL),
(2769, 'Sendok Makan Tricle 603 Pack', 160000, 'AK', '2025-11-01', 'sofyanyudha1@gmail.com', '2025-11-16', 'KASIR_3B', 94, NULL),
(2770, 'Pixy Lip Cream 5g', 45000, 'AB', '2025-11-01', 'sofyanyudha1@gmail.com', '2025-11-16', 'PAPA', 100, NULL),
(2781, 'Boneka Beruang Istana Boneka Humpty', 74404, 'MA', '2025-11-01', 'rafifaiz381@gmail.com', '2025-11-16', 'KASIR_3B', 74, NULL),
(2782, 'Buku Tulis Sinar Dunia 58 Lembar', 6000, 'AT', '2025-11-01', 'sofyanyudha1@gmail.com', '2025-11-16', 'KASIR_3A', 80, NULL),
(2801, 'Bumbu Racik Nasi Goreng Exstra Pedas', 3000, 'BM', '2025-11-03', 'andrasetya856@gmail.com', '2025-11-16', 'KASIR_3C', 91, NULL),
(2802, 'Catur', 30000, 'MA', '2025-11-03', 'andrasetya856@gmail.com', '2025-11-16', 'KASIR_3D', 86, NULL),
(2803, 'Mixagrip Flu', 2500, 'OB', '2025-11-03', 'andrasetya856@gmail.com', '2025-11-16', 'KASIR_3D', 98, NULL),
(2804, 'Penjepit Makanan', 8000, 'AM', '2025-11-03', 'andrasetya856@gmail.com', '2025-11-16', 'andrasetya856@gmail.com', 100, NULL),
(2805, 'Sosis Goreng', 5000, 'MK', '2025-11-03', 'andrasetya856@gmail.com', '2025-11-16', 'KASIR_3A', 95, NULL),
(2821, 'Sidomuncul', 5000, 'OB', '2025-11-04', 'muchammadmachyanuttuko@gmail.com', '2025-11-16', 'muchammadmachyanuttuko@gmail.com', 100, NULL),
(2822, 'Spons Cuci Piring', 10000, 'AB', '2025-11-04', 'muchammadmachyanuttuko@gmail.com', '2025-11-16', 'muchammadmachyanuttuko@gmail.com', 100, NULL),
(2823, 'Khaf', 27000, 'SC', '2025-11-04', 'dwi789682@gmail.com', '2025-11-16', 'KASIR_3A', 95, NULL),
(2824, 'Kereta-Keretaan', 100000, 'MA', '2025-11-04', 'oktamuzanoval@gmail.com', '2025-11-16', 'KASIR_3A', 94, NULL),
(2841, 'Beras 5kg', 30000, 'BK', '2025-11-04', 'muchammadmachyanuttuko@gmail.com', '2025-11-16', 'KASIR_3C', 85, NULL),
(2842, 'Taplak Meja', 15000, 'AB', '2025-11-04', 'muchammadmachyanuttuko@gmail.com', '2025-11-16', 'muchammadmachyanuttuko@gmail.com', 100, NULL),
(2843, 'Kiranti', 6000, 'MN', '2025-11-04', 'muchammadmachyanuttuko@gmail.com', '2025-11-16', 'KASIR_3A', 95, NULL);

-- --------------------------------------------------------

--
-- Struktur dari tabel `product_categories`
--

CREATE TABLE `product_categories` (
  `CATEGORY_ID` char(2) NOT NULL,
  `CATEGORY` varchar(20) NOT NULL
) ENGINE=InnoDB DEFAULT CHARSET=utf8mb4 COLLATE=utf8mb4_general_ci;

--
-- Dumping data untuk tabel `product_categories`
--

INSERT INTO `product_categories` (`CATEGORY_ID`, `CATEGORY`) VALUES
('AB', 'Alat Kebersihan'),
('AC', 'Alat Kecantikan'),
('AK', 'Alat Makan'),
('AD', 'Alat Mandi'),
('AM', 'Alat Masak'),
('AT', 'Alat Tulis'),
('BK', 'Bahan Makanan'),
('BM', 'Bumbu Masak'),
('HP', 'Hewan Peliharaan'),
('MA', 'Mainan'),
('MK', 'Makanan'),
('MN', 'Minuman'),
('OB', 'Obat-obatan'),
('SC', 'Sabun Cuci');

--
-- Indexes for dumped tables
--

--
-- Indeks untuk tabel `cashiers`
--
ALTER TABLE `cashiers`
  ADD PRIMARY KEY (`USER_ID`),
  ADD UNIQUE KEY `EML_UN` (`EMAIL`),
  ADD UNIQUE KEY `CN_UN` (`CONTACT_NUMBER`),
  ADD KEY `GENDER_FK` (`GENDER_ID`);

--
-- Indeks untuk tabel `customers`
--
ALTER TABLE `customers`
  ADD PRIMARY KEY (`CUST_ID`),
  ADD UNIQUE KEY `CONTACT_NUMBER_UN` (`CONTACT_NUMBER`),
  ADD UNIQUE KEY `EMAIL_UN` (`EMAIL`),
  ADD KEY `GENDER_ID_FK` (`GENDER_ID`);

--
-- Indeks untuk tabel `genders`
--
ALTER TABLE `genders`
  ADD PRIMARY KEY (`GENDER_ID`);

--
-- Indeks untuk tabel `orders`
--
ALTER TABLE `orders`
  ADD PRIMARY KEY (`ORDER_ID`),
  ADD UNIQUE KEY `RECEIPT_NUMBER_UN` (`RECEIPT_NUMBER`),
  ADD KEY `CUST_ID_FK` (`CUST_ID`),
  ADD KEY `METHOD_ID_FK` (`METHOD_ID`),
  ADD KEY `USER_ID_FK` (`USER_ID`);

--
-- Indeks untuk tabel `order_details`
--
ALTER TABLE `order_details`
  ADD PRIMARY KEY (`ORDER_ID`,`PRODUCT_ID`),
  ADD KEY `PRODUCT_ID_FK` (`PRODUCT_ID`);

--
-- Indeks untuk tabel `payment_methods`
--
ALTER TABLE `payment_methods`
  ADD PRIMARY KEY (`METHOD_ID`);

--
-- Indeks untuk tabel `products`
--
ALTER TABLE `products`
  ADD PRIMARY KEY (`PRODUCT_ID`),
  ADD UNIQUE KEY `PRODUCT_NAME_UN` (`PRODUCT_NAME`),
  ADD KEY `CATEGORY_ID_FK` (`CATEGORY_ID`);

--
-- Indeks untuk tabel `product_categories`
--
ALTER TABLE `product_categories`
  ADD PRIMARY KEY (`CATEGORY_ID`),
  ADD UNIQUE KEY `CATEGORY_UN` (`CATEGORY`);

--
-- AUTO_INCREMENT untuk tabel yang dibuang
--

--
-- AUTO_INCREMENT untuk tabel `orders`
--
ALTER TABLE `orders`
  MODIFY `ORDER_ID` int(11) NOT NULL AUTO_INCREMENT, AUTO_INCREMENT=2266;

--
-- AUTO_INCREMENT untuk tabel `products`
--
ALTER TABLE `products`
  MODIFY `PRODUCT_ID` int(11) NOT NULL AUTO_INCREMENT, AUTO_INCREMENT=2844;

--
-- Ketidakleluasaan untuk tabel pelimpahan (Dumped Tables)
--

--
-- Ketidakleluasaan untuk tabel `cashiers`
--
ALTER TABLE `cashiers`
  ADD CONSTRAINT `GENDER_FK` FOREIGN KEY (`GENDER_ID`) REFERENCES `genders` (`GENDER_ID`);

--
-- Ketidakleluasaan untuk tabel `customers`
--
ALTER TABLE `customers`
  ADD CONSTRAINT `GENDER_ID_FK` FOREIGN KEY (`GENDER_ID`) REFERENCES `genders` (`GENDER_ID`);

--
-- Ketidakleluasaan untuk tabel `orders`
--
ALTER TABLE `orders`
  ADD CONSTRAINT `CUST_ID_FK` FOREIGN KEY (`CUST_ID`) REFERENCES `customers` (`CUST_ID`) ON DELETE CASCADE,
  ADD CONSTRAINT `METHOD_ID_FK` FOREIGN KEY (`METHOD_ID`) REFERENCES `payment_methods` (`METHOD_ID`),
  ADD CONSTRAINT `USER_ID_FK` FOREIGN KEY (`USER_ID`) REFERENCES `cashiers` (`USER_ID`);

--
-- Ketidakleluasaan untuk tabel `order_details`
--
ALTER TABLE `order_details`
  ADD CONSTRAINT `ORDER_ID_FK` FOREIGN KEY (`ORDER_ID`) REFERENCES `orders` (`ORDER_ID`) ON DELETE CASCADE,
  ADD CONSTRAINT `PRODUCT_ID_FK` FOREIGN KEY (`PRODUCT_ID`) REFERENCES `products` (`PRODUCT_ID`) ON DELETE CASCADE;

--
-- Ketidakleluasaan untuk tabel `products`
--
ALTER TABLE `products`
  ADD CONSTRAINT `CATEGORY_ID_FK` FOREIGN KEY (`CATEGORY_ID`) REFERENCES `product_categories` (`CATEGORY_ID`);
COMMIT;

/*!40101 SET CHARACTER_SET_CLIENT=@OLD_CHARACTER_SET_CLIENT */;
/*!40101 SET CHARACTER_SET_RESULTS=@OLD_CHARACTER_SET_RESULTS */;
/*!40101 SET COLLATION_CONNECTION=@OLD_COLLATION_CONNECTION */;
